timestamp,machine_id,operator_id,engine_on,seatbelt_status,safety_alert_triggered,anomaly_percentage
2025-07-17 22:53:30,EXC001,OP1001,True,Fastened,False,
2025-07-17 22:53:40,EXC001,OP1001,True,Fastened,False,
2025-07-17 22:53:50,EXC001,OP1001,True,Unfastened,True,
2025-07-17 22:54:00,EXC001,OP1001,False,Unfastened,False,
2025-07-17 22:58:28,EXC001,OP1001,True,Fastened,False,
2025-07-17 22:58:38,EXC001,OP1001,True,Fastened,False,
2025-07-17 22:58:48,EXC001,OP1001,True,Fastened,False,
2025-07-17 22:58:58,EXC001,OP1001,,Unfastened,False,
2025-07-17 22:59:08,EXC001,OP1001,False,Unfastened,False,
2025-07-17 22:59:18,EXC001,OP1001,,Unfastened,False,
2025-07-17 22:59:28,EXC001,OP1001,True,Fastened,False,
2025-07-17 22:59:38,EXC001,OP1001,True,Fastened,False,
2025-07-17 22:59:48,EXC001,OP1001,False,Unfastened,False,
2025-07-17 22:59:58,EXC001,OP1001,False,Unfastened,False,
2025-07-17 23:00:08,EXC001,OP1001,True,Fastened,False,
2025-07-17 23:00:18,EXC001,OP1001,False,Unfastened,False,
2025-07-17 23:00:28,EXC001,OP1001,True,Fastened,False,
2025-07-17 23:00:38,EXC001,OP1001,True,Fastened,False,
2025-07-17 23:00:48,EXC001,OP1001,True,Fastened,False,
2025-07-17 23:00:58,EXC001,OP1001,False,Unfastened,False,
2025-07-17 23:01:08,EXC001,OP1001,True,Fastened,False,
2025-07-17 23:01:18,EXC001,OP1001,True,Fastened,False,
2025-07-17 23:01:32,EXC001,OP1001,,Unfastened,False,
2025-07-17 23:01:42,EXC001,OP1001,True,Fastened,False,
2025-07-17 23:01:52,EXC001,OP1001,True,Fastened,False,
2025-07-17 23:02:02,EXC001,OP1001,False,Unfastened,False,
2025-07-17 23:02:12,EXC001,OP1001,True,Fastened,False,
2025-07-17 23:02:22,EXC001,OP1001,True,Fastened,False,
2025-07-17 23:02:32,EXC001,OP1001,True,Fastened,False,
2025-07-17 23:02:42,EXC001,OP1001,True,Fastened,False,
2025-07-17 23:02:52,EXC001,OP1001,True,Fastened,False,
2025-07-17 23:03:02,EXC001,OP1001,True,Fastened,False,
2025-07-17 23:03:12,EXC001,OP1001,True,Fastened,False,
2025-07-17 23:03:22,EXC001,OP1001,True,Fastened,False,
2025-07-17 23:03:32,EXC001,OP1001,True,Unfastened,True,
2025-07-17 23:03:45,EXC001,OP1001,True,Fastened,False,
2025-07-17 23:04:02,EXC001,OP1001,True,Fastened,False,
2025-07-17 23:04:11,EXC001,OP1001,True,Fastened,False,
2025-07-17 23:04:34,EXC001,OP1001,True,Unfastened,True,
2025-07-17 23:04:45,EXC001,OP1001,True,Unfastened,True,
2025-07-17 23:04:55,EXC001,OP1001,True,Unfastened,True,
2025-07-17 23:05:06,EXC001,OP1001,True,Unfastened,True,
2025-07-17 23:05:16,EXC001,OP1001,True,Unfastened,True,
2025-07-17 23:05:27,EXC001,OP1001,True,Unfastened,True,
2025-07-17 23:05:37,EXC001,OP1001,True,Unfastened,True,
2025-07-17 23:05:48,EXC001,OP1001,True,Unfastened,True,
2025-07-17 23:05:58,EXC001,OP1001,True,Unfastened,True,
2025-07-17 23:34:27,EXC001,OP1001,True,Fastened,False,
2025-07-17 23:34:28,EXC001,OP1001,False,Unfastened,False,
2025-07-17 23:34:29,EXC001,OP1001,,Unfastened,False,
2025-07-17 23:34:30,EXC001,OP1001,True,Fastened,False,
2025-07-17 23:34:31,EXC001,OP1001,True,Fastened,False,
2025-07-17 23:34:32,EXC001,OP1001,True,Fastened,False,
2025-07-17 23:34:33,EXC001,OP1001,,Unfastened,False,
2025-07-17 23:34:34,EXC001,OP1001,False,Unfastened,False,
2025-07-17 23:34:35,EXC001,OP1001,True,Unfastened,True,
2025-07-17 23:34:37,EXC001,OP1001,False,Unfastened,False,
2025-07-17 23:34:38,EXC001,OP1001,True,Fastened,False,
2025-07-17 23:34:39,EXC001,OP1001,False,Unfastened,False,
2025-07-17 23:34:40,EXC001,OP1001,True,Fastened,False,
2025-07-17 23:34:41,EXC001,OP1001,True,Fastened,False,
2025-07-17 23:34:42,EXC001,OP1001,True,Fastened,False,
2025-07-17 23:34:43,EXC001,OP1001,False,Unfastened,False,
2025-07-17 23:34:44,EXC001,OP1001,True,Fastened,False,
2025-07-17 23:34:45,EXC001,OP1001,True,Fastened,False,
2025-07-17 23:34:46,EXC001,OP1001,True,Fastened,False,
2025-07-17 23:34:47,EXC001,OP1001,True,Fastened,False,
2025-07-17 23:34:48,EXC001,OP1001,True,Fastened,False,
2025-07-17 23:34:49,EXC001,OP1001,True,Fastened,False,
2025-07-17 23:34:50,EXC001,OP1001,False,Unfastened,False,
2025-07-17 23:34:51,EXC001,OP1001,True,Fastened,False,
2025-07-17 23:34:52,EXC001,OP1001,False,Unfastened,False,
2025-07-17 23:34:53,EXC001,OP1001,True,Fastened,False,
2025-07-17 23:34:54,EXC001,OP1001,False,Unfastened,False,
2025-07-18 00:43:41,EXC001,OP1001,True,Fastened,False,
2025-07-18 00:43:42,EXC001,OP1001,True,Fastened,False,
2025-07-18 00:43:43,EXC001,OP1001,True,Fastened,False,
2025-07-18 00:43:44,EXC001,OP1001,True,Unfastened,True,
2025-07-18 00:43:46,EXC001,OP1001,True,Fastened,False,
2025-07-18 00:43:47,EXC001,OP1001,True,Fastened,False,
2025-07-18 00:43:48,EXC001,OP1001,True,Fastened,False,
2025-07-18 00:43:49,EXC001,OP1001,True,Fastened,False,
2025-07-18 00:43:50,EXC001,OP1001,True,Fastened,False,
2025-07-18 00:43:51,EXC001,OP1001,True,Fastened,False,
2025-07-18 00:43:52,EXC001,OP1001,False,Unfastened,False,
2025-07-18 00:43:53,EXC001,OP1001,True,Fastened,False,
2025-07-18 00:44:51,EXC001,OP1001,True,Fastened,False,
2025-07-18 00:44:52,EXC001,OP1001,True,Fastened,False,
2025-07-18 00:44:53,EXC001,OP1001,False,Unfastened,False,
2025-07-18 00:44:54,EXC001,OP1001,True,Fastened,False,
2025-07-18 00:44:55,EXC001,OP1001,True,Unfastened,True,
2025-07-18 00:44:56,EXC001,OP1001,True,Fastened,False,
2025-07-18 00:44:57,EXC001,OP1001,True,Fastened,False,
2025-07-18 00:44:58,EXC001,OP1001,,Unfastened,False,
2025-07-18 00:44:59,EXC001,OP1001,False,Unfastened,False,
2025-07-18 00:45:00,EXC001,OP1001,True,Fastened,False,
2025-07-18 00:45:01,EXC001,OP1001,True,Fastened,False,
2025-07-18 00:45:02,EXC001,OP1001,,Unfastened,False,
2025-07-18 00:45:03,EXC001,OP1001,True,Fastened,False,
2025-07-18 00:45:04,EXC001,OP1001,False,Unfastened,False,
2025-07-18 00:45:05,EXC001,OP1001,True,Fastened,False,
2025-07-18 00:45:06,EXC001,OP1001,True,Fastened,False,
2025-07-18 00:45:07,EXC001,OP1001,True,Fastened,False,
2025-07-18 00:45:08,EXC001,OP1001,True,Fastened,False,
2025-07-18 00:45:09,EXC001,OP1001,True,Fastened,False,
2025-07-18 00:45:10,EXC001,OP1001,,Unfastened,False,
2025-07-18 00:45:11,EXC001,OP1001,True,Fastened,False,
2025-07-18 00:45:12,EXC001,OP1001,True,Fastened,False,
2025-07-18 00:45:13,EXC001,OP1001,True,Fastened,False,
2025-07-18 00:45:14,EXC001,OP1001,False,Unfastened,False,
2025-07-18 00:45:15,EXC001,OP1001,False,Unfastened,False,
2025-07-18 00:45:16,EXC001,OP1001,True,Fastened,False,
2025-07-18 00:45:17,EXC001,OP1001,True,Unfastened,True,
2025-07-18 00:45:19,EXC001,OP1001,True,Unfastened,True,
2025-07-18 00:45:20,EXC001,OP1001,True,Fastened,False,
2025-07-18 00:45:21,EXC001,OP1001,False,Unfastened,False,
2025-07-18 00:45:22,EXC001,OP1001,True,Unfastened,True,
2025-07-18 00:45:24,EXC001,OP1001,True,Fastened,False,
2025-07-18 00:45:25,EXC001,OP1001,True,Fastened,False,
2025-07-18 00:45:26,EXC001,OP1001,True,Fastened,False,
2025-07-18 00:45:27,EXC001,OP1001,False,Unfastened,False,
2025-07-18 00:45:28,EXC001,OP1001,True,Fastened,False,
2025-07-18 00:45:29,EXC001,OP1001,True,Fastened,False,
2025-07-18 00:45:30,EXC001,OP1001,False,Unfastened,False,
2025-07-18 00:45:31,EXC001,OP1001,True,Fastened,False,
2025-07-18 00:45:32,EXC001,OP1001,True,Fastened,False,
2025-07-18 00:45:33,EXC001,OP1001,True,Fastened,False,
2025-07-18 00:45:34,EXC001,OP1001,True,Fastened,False,
2025-07-18 00:45:35,EXC001,OP1001,True,Fastened,False,
2025-07-18 00:45:36,EXC001,OP1001,True,Fastened,False,
2025-07-18 00:45:37,EXC001,OP1001,,Unfastened,False,
2025-07-18 00:45:38,EXC001,OP1001,True,Fastened,False,
2025-07-18 00:45:39,EXC001,OP1001,False,Unfastened,False,
2025-07-18 00:45:40,EXC001,OP1001,True,Fastened,False,
2025-07-18 00:45:41,EXC001,OP1001,False,Unfastened,False,
2025-07-18 00:45:42,EXC001,OP1001,True,Fastened,False,
2025-07-18 00:45:43,EXC001,OP1001,True,Fastened,False,
2025-07-18 00:45:44,EXC001,OP1001,True,Fastened,False,
2025-07-18 00:45:45,EXC001,OP1001,True,Fastened,False,
2025-07-18 00:45:46,EXC001,OP1001,False,Unfastened,False,
2025-07-18 00:45:47,EXC001,OP1001,False,Unfastened,False,
2025-07-18 00:45:48,EXC001,OP1001,True,Fastened,False,
2025-07-18 00:45:49,EXC001,OP1001,True,Fastened,False,
2025-07-18 00:45:50,EXC001,OP1001,True,Unfastened,True,
2025-07-18 00:48:13,EXC001,OP1001,True,Fastened,False,
2025-07-18 00:48:14,EXC001,OP1001,True,Fastened,False,
2025-07-18 00:48:15,EXC001,OP1001,,Unfastened,False,
2025-07-18 00:48:16,EXC001,OP1001,True,Fastened,False,
2025-07-18 00:48:17,EXC001,OP1001,False,Unfastened,False,
2025-07-18 00:48:18,EXC001,OP1001,True,Fastened,False,
2025-07-18 00:48:19,EXC001,OP1001,True,Fastened,False,
2025-07-18 00:48:20,EXC001,OP1001,True,Fastened,False,
2025-07-18 00:48:21,EXC001,OP1001,,Unfastened,False,
2025-07-18 00:48:22,EXC001,OP1001,True,Fastened,False,
2025-07-18 00:48:23,EXC001,OP1001,,Unfastened,False,
2025-07-18 00:48:24,EXC001,OP1001,False,Unfastened,False,
2025-07-18 00:48:25,EXC001,OP1001,True,Fastened,False,
2025-07-18 00:48:26,EXC001,OP1001,True,Fastened,False,
2025-07-18 00:48:27,EXC001,OP1001,True,Fastened,False,
2025-07-18 00:48:28,EXC001,OP1001,True,Fastened,False,
2025-07-18 00:48:29,EXC001,OP1001,True,Fastened,False,
2025-07-18 00:48:30,EXC001,OP1001,True,Fastened,False,
2025-07-18 00:48:31,EXC001,OP1001,True,Fastened,False,
2025-07-18 00:48:32,EXC001,OP1001,True,Fastened,False,
2025-07-18 00:48:33,EXC001,OP1001,False,Unfastened,False,
2025-07-18 00:48:34,EXC001,OP1001,True,Fastened,False,
2025-07-18 00:48:35,EXC001,OP1001,False,Unfastened,False,
2025-07-18 00:48:36,EXC001,OP1001,True,Fastened,False,
2025-07-18 00:48:37,EXC001,OP1001,True,Fastened,False,
2025-07-18 00:48:38,EXC001,OP1001,False,Fastened,False,
2025-07-18 00:48:39,EXC001,OP1001,True,Fastened,False,
2025-07-18 00:48:40,EXC001,OP1001,True,Fastened,False,
2025-07-18 00:48:41,EXC001,OP1001,True,Fastened,False,
2025-07-18 00:48:42,EXC001,OP1001,False,Unfastened,False,
2025-07-18 00:48:43,EXC001,OP1001,True,Fastened,False,
2025-07-18 00:48:44,EXC001,OP1001,True,Unfastened,True,
2025-07-18 00:48:46,EXC001,OP1001,False,Fastened,False,
2025-07-18 00:48:47,EXC001,OP1001,True,Fastened,False,
2025-07-18 00:48:48,EXC001,OP1001,True,Fastened,False,
2025-07-18 00:48:49,EXC001,OP1001,True,Fastened,False,
2025-07-18 00:48:50,EXC001,OP1001,True,Fastened,False,
2025-07-18 00:48:51,EXC001,OP1001,True,Fastened,False,
2025-07-18 00:48:52,EXC001,OP1001,,Unfastened,False,
2025-07-18 00:48:53,EXC001,OP1001,True,Fastened,False,
2025-07-18 00:48:54,EXC001,OP1001,True,Fastened,False,
2025-07-18 00:48:55,EXC001,OP1001,False,Unfastened,False,
2025-07-18 00:48:56,EXC001,OP1001,False,Unfastened,False,
2025-07-18 00:48:57,EXC001,OP1001,True,Fastened,False,
2025-07-18 00:48:58,EXC001,OP1001,True,Fastened,False,
2025-07-18 00:48:59,EXC001,OP1001,False,Unfastened,False,
2025-07-18 00:49:00,EXC001,OP1001,True,Fastened,False,
2025-07-18 00:49:01,EXC001,OP1001,True,Fastened,False,
2025-07-18 00:49:02,EXC001,OP1001,True,Fastened,False,
2025-07-18 00:49:03,EXC001,OP1001,True,Fastened,False,
2025-07-18 00:49:04,EXC001,OP1001,True,Fastened,False,
2025-07-18 00:49:05,EXC001,OP1001,True,Fastened,False,
2025-07-18 00:49:06,EXC001,OP1001,False,Unfastened,False,
2025-07-18 00:49:07,EXC001,OP1001,True,Fastened,False,
2025-07-18 00:49:08,EXC001,OP1001,False,Unfastened,False,
2025-07-18 00:49:09,EXC001,OP1001,True,Fastened,False,
2025-07-18 00:49:10,EXC001,OP1001,True,Fastened,False,
2025-07-18 00:49:11,EXC001,OP1001,True,Fastened,False,
2025-07-18 00:49:12,EXC001,OP1001,True,Fastened,False,
2025-07-18 00:49:13,EXC001,OP1001,False,Unfastened,False,
2025-07-18 00:49:14,EXC001,OP1001,True,Fastened,False,
2025-07-18 00:49:15,EXC001,OP1001,True,Fastened,False,
2025-07-18 00:49:16,EXC001,OP1001,False,Unfastened,False,
2025-07-18 00:49:17,EXC001,OP1001,True,Fastened,False,
2025-07-18 00:49:18,EXC001,OP1001,False,Unfastened,False,
2025-07-18 00:49:19,EXC001,OP1001,False,Unfastened,False,
2025-07-18 00:49:20,EXC001,OP1001,True,Fastened,False,
2025-07-18 00:49:21,EXC001,OP1001,,Unfastened,False,
2025-07-18 00:49:22,EXC001,OP1001,True,Fastened,False,
2025-07-18 00:49:23,EXC001,OP1001,True,Fastened,False,
2025-07-18 00:49:24,EXC001,OP1001,True,Fastened,False,
2025-07-18 00:49:25,EXC001,OP1001,False,Unfastened,False,
2025-07-18 00:49:26,EXC001,OP1001,False,Unfastened,False,
2025-07-18 00:49:27,EXC001,OP1001,True,Unfastened,True,
2025-07-18 00:49:28,EXC001,OP1001,True,Fastened,False,
2025-07-18 00:49:29,EXC001,OP1001,True,Unfastened,True,
2025-07-18 00:49:31,EXC001,OP1001,False,Unfastened,False,
2025-07-18 00:49:32,EXC001,OP1001,True,Fastened,False,
2025-07-18 00:49:33,EXC001,OP1001,True,Fastened,False,
2025-07-18 00:49:34,EXC001,OP1001,True,Fastened,False,
2025-07-18 00:49:35,EXC001,OP1001,True,Fastened,False,
2025-07-18 00:49:36,EXC001,OP1001,True,Fastened,False,
2025-07-18 00:49:37,EXC001,OP1001,True,Fastened,False,
2025-07-18 00:49:38,EXC001,OP1001,True,Fastened,False,
2025-07-18 00:49:39,EXC001,OP1001,True,Fastened,False,
2025-07-18 00:49:40,EXC001,OP1001,False,Unfastened,False,
2025-07-18 00:49:41,EXC001,OP1001,,Unfastened,False,
2025-07-18 00:49:42,EXC001,OP1001,False,Unfastened,False,
2025-07-18 00:49:43,EXC001,OP1001,True,Fastened,False,
2025-07-18 00:49:44,EXC001,OP1001,True,Fastened,False,
2025-07-18 00:49:45,EXC001,OP1001,True,Fastened,False,
2025-07-18 00:49:46,EXC001,OP1001,True,Fastened,False,
2025-07-18 00:49:47,EXC001,OP1001,True,Fastened,False,
2025-07-18 00:49:48,EXC001,OP1001,False,Unfastened,False,
2025-07-18 00:49:49,EXC001,OP1001,True,Fastened,False,
2025-07-18 00:49:50,EXC001,OP1001,True,Fastened,False,
2025-07-18 00:49:51,EXC001,OP1001,True,Fastened,False,
2025-07-18 00:49:52,EXC001,OP1001,,Unfastened,False,
2025-07-18 00:49:53,EXC001,OP1001,False,Unfastened,False,
2025-07-18 00:49:54,EXC001,OP1001,,Unfastened,False,
2025-07-18 00:49:55,EXC001,OP1001,,Unfastened,False,
2025-07-18 00:49:56,EXC001,OP1001,True,Fastened,False,
2025-07-18 00:49:57,EXC001,OP1001,True,Fastened,False,
2025-07-18 00:49:58,EXC001,OP1001,True,Fastened,False,
2025-07-18 00:49:59,EXC001,OP1001,,Unfastened,False,
2025-07-18 00:50:00,EXC001,OP1001,True,Fastened,False,
2025-07-18 00:50:01,EXC001,OP1001,True,Fastened,False,
2025-07-18 00:50:02,EXC001,OP1001,True,Fastened,False,
2025-07-18 00:50:03,EXC001,OP1001,True,Fastened,False,
2025-07-18 00:50:04,EXC001,OP1001,False,Unfastened,False,
2025-07-18 00:50:05,EXC001,OP1001,True,Fastened,False,
2025-07-18 00:50:06,EXC001,OP1001,,Unfastened,False,
2025-07-18 00:50:07,EXC001,OP1001,True,Fastened,False,
2025-07-18 00:50:08,EXC001,OP1001,True,Fastened,False,
2025-07-18 00:50:09,EXC001,OP1001,False,Unfastened,False,
2025-07-18 00:50:10,EXC001,OP1001,True,Fastened,False,
2025-07-18 00:50:11,EXC001,OP1001,True,Fastened,False,
2025-07-18 00:50:12,EXC001,OP1001,True,Fastened,False,
2025-07-18 00:50:13,EXC001,OP1001,,Unfastened,False,
2025-07-18 00:50:14,EXC001,OP1001,True,Fastened,False,
2025-07-18 00:50:15,EXC001,OP1001,,Unfastened,False,
2025-07-18 00:50:16,EXC001,OP1001,True,Fastened,False,
2025-07-18 00:50:17,EXC001,OP1001,False,Fastened,False,
2025-07-18 00:50:18,EXC001,OP1001,True,Fastened,False,
2025-07-18 00:50:19,EXC001,OP1001,True,Fastened,False,
2025-07-18 00:50:20,EXC001,OP1001,False,Fastened,False,
2025-07-18 00:50:21,EXC001,OP1001,True,Fastened,False,
2025-07-18 00:50:22,EXC001,OP1001,True,Fastened,False,
2025-07-18 00:50:23,EXC001,OP1001,,Unfastened,False,
2025-07-18 00:50:24,EXC001,OP1001,True,Fastened,False,
2025-07-18 00:50:25,EXC001,OP1001,True,Unfastened,True,
2025-07-18 00:50:27,EXC001,OP1001,True,Fastened,False,
2025-07-18 00:50:28,EXC001,OP1001,True,Fastened,False,
2025-07-18 00:50:29,EXC001,OP1001,True,Fastened,False,
2025-07-18 00:50:30,EXC001,OP1001,True,Fastened,False,
2025-07-18 00:50:31,EXC001,OP1001,True,Fastened,False,
2025-07-18 00:50:32,EXC001,OP1001,True,Fastened,False,
2025-07-18 00:50:33,EXC001,OP1001,True,Fastened,False,
2025-07-18 00:50:34,EXC001,OP1001,True,Fastened,False,
2025-07-18 00:50:35,EXC001,OP1001,True,Fastened,False,
2025-07-18 00:50:36,EXC001,OP1001,True,Fastened,False,
2025-07-18 00:50:37,EXC001,OP1001,False,Unfastened,False,
2025-07-18 00:50:38,EXC001,OP1001,True,Fastened,False,
2025-07-18 00:50:39,EXC001,OP1001,False,Unfastened,False,
2025-07-18 00:50:40,EXC001,OP1001,True,Fastened,False,
2025-07-18 00:50:41,EXC001,OP1001,,Unfastened,False,
2025-07-18 00:50:42,EXC001,OP1001,True,Fastened,False,
2025-07-18 00:50:43,EXC001,OP1001,True,Unfastened,True,
2025-07-18 00:50:44,EXC001,OP1001,True,Fastened,False,
2025-07-18 00:50:45,EXC001,OP1001,False,Unfastened,False,
2025-07-18 00:50:46,EXC001,OP1001,True,Fastened,False,
2025-07-18 00:50:47,EXC001,OP1001,True,Fastened,False,
2025-07-18 00:50:48,EXC001,OP1001,True,Fastened,False,
2025-07-18 00:50:49,EXC001,OP1001,True,Fastened,False,
2025-07-18 00:50:50,EXC001,OP1001,True,Fastened,False,
2025-07-18 00:50:51,EXC001,OP1001,True,Fastened,False,
2025-07-18 00:50:52,EXC001,OP1001,True,Fastened,False,
2025-07-18 00:50:53,EXC001,OP1001,,Unfastened,False,
2025-07-18 00:50:54,EXC001,OP1001,True,Fastened,False,
2025-07-18 00:50:55,EXC001,OP1001,True,Fastened,False,
2025-07-18 00:50:56,EXC001,OP1001,True,Fastened,False,
2025-07-18 00:50:57,EXC001,OP1001,False,Unfastened,False,
2025-07-18 00:50:58,EXC001,OP1001,True,Fastened,False,
2025-07-18 00:50:59,EXC001,OP1001,False,Unfastened,False,
2025-07-18 00:51:00,EXC001,OP1001,True,Fastened,False,
2025-07-18 00:51:01,EXC001,OP1001,True,Fastened,False,
2025-07-18 00:51:02,EXC001,OP1001,True,Fastened,False,
2025-07-18 00:51:03,EXC001,OP1001,True,Fastened,False,
2025-07-18 00:51:04,EXC001,OP1001,True,Fastened,False,
2025-07-18 00:51:05,EXC001,OP1001,True,Fastened,False,
2025-07-18 00:51:06,EXC001,OP1001,True,Fastened,False,
2025-07-18 00:51:07,EXC001,OP1001,True,Fastened,False,
2025-07-18 00:51:08,EXC001,OP1001,True,Fastened,False,
2025-07-18 00:51:09,EXC001,OP1001,True,Fastened,False,
2025-07-18 00:51:10,EXC001,OP1001,False,Unfastened,False,
2025-07-18 00:51:11,EXC001,OP1001,True,Unfastened,True,
2025-07-18 00:51:13,EXC001,OP1001,True,Fastened,False,
2025-07-18 00:51:14,EXC001,OP1001,False,Fastened,False,
2025-07-18 00:51:15,EXC001,OP1001,True,Fastened,False,
2025-07-18 00:51:16,EXC001,OP1001,False,Unfastened,False,
2025-07-18 00:51:17,EXC001,OP1001,False,Unfastened,False,
2025-07-18 00:51:18,EXC001,OP1001,True,Fastened,False,
2025-07-18 00:51:19,EXC001,OP1001,True,Fastened,False,
2025-07-18 00:51:20,EXC001,OP1001,True,Fastened,False,
2025-07-18 00:51:21,EXC001,OP1001,False,Unfastened,False,
2025-07-18 00:51:22,EXC001,OP1001,,Unfastened,False,
2025-07-18 00:51:23,EXC001,OP1001,True,Fastened,False,
2025-07-18 00:51:24,EXC001,OP1001,,Fastened,False,
2025-07-18 00:51:25,EXC001,OP1001,True,Unfastened,True,
2025-07-18 00:51:27,EXC001,OP1001,True,Fastened,False,
2025-07-18 00:51:28,EXC001,OP1001,True,Fastened,False,
2025-07-18 00:51:29,EXC001,OP1001,True,Fastened,False,
2025-07-18 00:51:30,EXC001,OP1001,False,Unfastened,False,
2025-07-18 00:51:31,EXC001,OP1001,True,Fastened,False,
2025-07-18 00:51:32,EXC001,OP1001,True,Fastened,False,
2025-07-18 00:51:33,EXC001,OP1001,True,Fastened,False,
2025-07-18 00:51:34,EXC001,OP1001,False,Unfastened,False,
2025-07-18 00:51:35,EXC001,OP1001,False,Unfastened,False,
2025-07-18 00:51:36,EXC001,OP1001,True,Fastened,False,
2025-07-18 00:51:37,EXC001,OP1001,True,Fastened,False,
2025-07-18 00:51:38,EXC001,OP1001,True,Fastened,False,
2025-07-18 00:51:39,EXC001,OP1001,,Unfastened,False,
2025-07-18 00:51:40,EXC001,OP1001,False,Unfastened,False,
2025-07-18 00:51:41,EXC001,OP1001,True,Fastened,False,
2025-07-18 00:51:42,EXC001,OP1001,True,Fastened,False,
2025-07-18 00:51:43,EXC001,OP1001,True,Fastened,False,
2025-07-18 00:51:44,EXC001,OP1001,True,Fastened,False,
2025-07-18 00:51:45,EXC001,OP1001,True,Fastened,False,
2025-07-18 00:51:46,EXC001,OP1001,True,Fastened,False,
2025-07-18 00:51:47,EXC001,OP1001,True,Fastened,False,
2025-07-18 00:51:48,EXC001,OP1001,True,Fastened,False,
2025-07-18 00:51:49,EXC001,OP1001,False,Unfastened,False,
2025-07-18 00:51:50,EXC001,OP1001,True,Fastened,False,
2025-07-18 00:51:51,EXC001,OP1001,True,Fastened,False,
2025-07-18 00:51:52,EXC001,OP1001,True,Fastened,False,
2025-07-18 00:51:53,EXC001,OP1001,True,Fastened,False,
2025-07-18 00:51:54,EXC001,OP1001,True,Fastened,False,
2025-07-18 00:51:55,EXC001,OP1001,True,Fastened,False,
2025-07-18 00:51:56,EXC001,OP1001,True,Fastened,False,
2025-07-18 00:51:57,EXC001,OP1001,False,Unfastened,False,
2025-07-18 00:51:58,EXC001,OP1001,True,Fastened,False,
2025-07-18 00:51:59,EXC001,OP1001,True,Fastened,False,
2025-07-18 00:52:00,EXC001,OP1001,True,Fastened,False,
2025-07-18 00:52:01,EXC001,OP1001,True,Fastened,False,
2025-07-18 00:52:02,EXC001,OP1001,True,Fastened,False,
2025-07-18 00:52:03,EXC001,OP1001,,Unfastened,False,
2025-07-18 00:52:04,EXC001,OP1001,False,Unfastened,False,
2025-07-18 00:52:05,EXC001,OP1001,True,Fastened,False,
2025-07-18 00:52:06,EXC001,OP1001,True,Fastened,False,
2025-07-18 00:52:07,EXC001,OP1001,True,Unfastened,True,
2025-07-18 00:52:08,EXC001,OP1001,True,Fastened,False,
2025-07-18 00:52:09,EXC001,OP1001,True,Fastened,False,
2025-07-18 00:52:10,EXC001,OP1001,True,Fastened,False,
2025-07-18 00:52:11,EXC001,OP1001,True,Fastened,False,
2025-07-18 00:52:12,EXC001,OP1001,True,Fastened,False,
2025-07-18 00:52:13,EXC001,OP1001,False,Unfastened,False,
2025-07-18 00:52:14,EXC001,OP1001,False,Fastened,False,
2025-07-18 00:52:15,EXC001,OP1001,,Unfastened,False,
2025-07-18 00:52:16,EXC001,OP1001,True,Fastened,False,
2025-07-18 00:52:17,EXC001,OP1001,,Unfastened,False,
2025-07-18 00:52:18,EXC001,OP1001,True,Fastened,False,
2025-07-18 00:52:19,EXC001,OP1001,False,Unfastened,False,
2025-07-18 00:52:20,EXC001,OP1001,True,Fastened,False,
2025-07-18 00:52:21,EXC001,OP1001,True,Fastened,False,
2025-07-18 00:52:22,EXC001,OP1001,True,Fastened,False,
2025-07-18 00:52:23,EXC001,OP1001,True,Fastened,False,
2025-07-18 00:52:24,EXC001,OP1001,False,Unfastened,False,
2025-07-18 00:52:25,EXC001,OP1001,True,Fastened,False,
2025-07-18 00:52:26,EXC001,OP1001,True,Fastened,False,
2025-07-18 00:52:27,EXC001,OP1001,True,Fastened,False,
2025-07-18 00:52:28,EXC001,OP1001,True,Fastened,False,
2025-07-18 00:52:29,EXC001,OP1001,True,Fastened,False,
2025-07-18 00:52:30,EXC001,OP1001,True,Fastened,False,
2025-07-18 00:52:31,EXC001,OP1001,True,Fastened,False,
2025-07-18 00:52:32,EXC001,OP1001,True,Fastened,False,
2025-07-18 00:52:33,EXC001,OP1001,True,Fastened,False,
2025-07-18 00:52:34,EXC001,OP1001,True,Fastened,False,
2025-07-18 00:52:35,EXC001,OP1001,False,Unfastened,False,
2025-07-18 00:52:36,EXC001,OP1001,True,Fastened,False,
2025-07-18 00:52:37,EXC001,OP1001,True,Fastened,False,
2025-07-18 00:52:38,EXC001,OP1001,False,Unfastened,False,
2025-07-18 00:52:39,EXC001,OP1001,False,Unfastened,False,
2025-07-18 00:52:40,EXC001,OP1001,,Unfastened,False,
2025-07-18 00:52:42,EXC001,OP1001,True,Unfastened,True,
2025-07-18 00:52:43,EXC001,OP1001,True,Unfastened,True,
2025-07-18 00:52:45,EXC001,OP1001,True,Fastened,False,
2025-07-18 00:52:46,EXC001,OP1001,True,Fastened,False,
2025-07-18 00:52:47,EXC001,OP1001,True,Fastened,False,
2025-07-18 00:52:48,EXC001,OP1001,True,Fastened,False,
2025-07-18 00:52:49,EXC001,OP1001,True,Fastened,False,
2025-07-18 00:52:50,EXC001,OP1001,False,Unfastened,False,
2025-07-18 00:52:51,EXC001,OP1001,True,Fastened,False,
2025-07-18 00:52:52,EXC001,OP1001,True,Fastened,False,
2025-07-18 00:52:53,EXC001,OP1001,False,Unfastened,False,
2025-07-18 00:52:54,EXC001,OP1001,True,Fastened,False,
2025-07-18 00:52:55,EXC001,OP1001,True,Fastened,False,
2025-07-18 00:52:56,EXC001,OP1001,False,Unfastened,False,
2025-07-18 00:52:57,EXC001,OP1001,True,Fastened,False,
2025-07-18 00:52:58,EXC001,OP1001,False,Unfastened,False,
2025-07-18 00:52:59,EXC001,OP1001,True,Fastened,False,
2025-07-18 00:53:00,EXC001,OP1001,True,Fastened,False,
2025-07-18 00:53:01,EXC001,OP1001,,Unfastened,False,
2025-07-18 00:53:02,EXC001,OP1001,False,Unfastened,False,
2025-07-18 00:53:03,EXC001,OP1001,True,Fastened,False,
2025-07-18 00:53:04,EXC001,OP1001,True,Fastened,False,
2025-07-18 00:53:05,EXC001,OP1001,,Unfastened,False,
2025-07-18 00:53:06,EXC001,OP1001,True,Unfastened,True,
2025-07-18 00:53:07,EXC001,OP1001,,Unfastened,False,
2025-07-18 00:53:08,EXC001,OP1001,True,Fastened,False,
2025-07-18 00:53:09,EXC001,OP1001,,Unfastened,False,
2025-07-18 00:53:10,EXC001,OP1001,False,Unfastened,False,
2025-07-18 00:53:11,EXC001,OP1001,True,Fastened,False,
2025-07-18 00:53:12,EXC001,OP1001,False,Unfastened,False,
2025-07-18 00:53:13,EXC001,OP1001,True,Fastened,False,
2025-07-18 00:53:14,EXC001,OP1001,True,Fastened,False,
2025-07-18 00:53:15,EXC001,OP1001,,Unfastened,False,
2025-07-18 00:53:16,EXC001,OP1001,True,Fastened,False,
2025-07-18 00:53:17,EXC001,OP1001,True,Fastened,False,
2025-07-18 00:53:18,EXC001,OP1001,True,Fastened,False,
2025-07-18 00:53:19,EXC001,OP1001,,Unfastened,False,
2025-07-18 00:53:20,EXC001,OP1001,True,Fastened,False,
2025-07-18 00:53:21,EXC001,OP1001,True,Fastened,False,
2025-07-18 00:53:22,EXC001,OP1001,True,Fastened,False,
2025-07-18 00:53:23,EXC001,OP1001,True,Fastened,False,
2025-07-18 00:53:24,EXC001,OP1001,,Unfastened,False,
2025-07-18 00:53:25,EXC001,OP1001,True,Unfastened,True,
2025-07-18 00:53:27,EXC001,OP1001,True,Fastened,False,
2025-07-18 00:53:28,EXC001,OP1001,True,Fastened,False,
2025-07-18 00:53:29,EXC001,OP1001,True,Fastened,False,
2025-07-18 00:53:30,EXC001,OP1001,False,Unfastened,False,
2025-07-18 00:53:31,EXC001,OP1001,True,Fastened,False,
2025-07-18 00:53:32,EXC001,OP1001,,Fastened,False,
2025-07-18 00:53:33,EXC001,OP1001,True,Fastened,False,
2025-07-18 00:53:34,EXC001,OP1001,False,Unfastened,False,
2025-07-18 00:53:35,EXC001,OP1001,True,Fastened,False,
2025-07-18 00:53:36,EXC001,OP1001,True,Fastened,False,
2025-07-18 00:53:37,EXC001,OP1001,,Unfastened,False,
2025-07-18 00:53:38,EXC001,OP1001,True,Fastened,False,
2025-07-18 00:53:39,EXC001,OP1001,True,Fastened,False,
2025-07-18 00:53:40,EXC001,OP1001,True,Fastened,False,
2025-07-18 00:53:41,EXC001,OP1001,,Unfastened,False,
2025-07-18 00:53:42,EXC001,OP1001,True,Fastened,False,
2025-07-18 00:53:43,EXC001,OP1001,True,Fastened,False,
2025-07-18 00:53:44,EXC001,OP1001,True,Fastened,False,
2025-07-18 00:53:45,EXC001,OP1001,True,Fastened,False,
2025-07-18 00:53:46,EXC001,OP1001,True,Fastened,False,
2025-07-18 00:53:47,EXC001,OP1001,,Unfastened,False,
2025-07-18 00:53:48,EXC001,OP1001,False,Unfastened,False,
2025-07-18 00:53:49,EXC001,OP1001,True,Unfastened,True,
2025-07-18 00:53:50,EXC001,OP1001,False,Unfastened,False,
2025-07-18 00:53:51,EXC001,OP1001,True,Fastened,False,
2025-07-18 00:53:52,EXC001,OP1001,True,Fastened,False,
2025-07-18 00:53:53,EXC001,OP1001,False,Fastened,False,
2025-07-18 00:53:54,EXC001,OP1001,True,Fastened,False,
2025-07-18 00:53:55,EXC001,OP1001,False,Unfastened,False,
2025-07-18 00:53:56,EXC001,OP1001,False,Unfastened,False,
2025-07-18 00:53:57,EXC001,OP1001,True,Fastened,False,
2025-07-18 00:53:58,EXC001,OP1001,True,Fastened,False,
2025-07-18 00:53:59,EXC001,OP1001,True,Fastened,False,
2025-07-18 00:54:00,EXC001,OP1001,True,Fastened,False,
2025-07-18 00:54:01,EXC001,OP1001,,Unfastened,False,
2025-07-18 00:54:02,EXC001,OP1001,True,Fastened,False,
2025-07-18 00:54:03,EXC001,OP1001,False,Unfastened,False,
2025-07-18 00:54:04,EXC001,OP1001,True,Fastened,False,
2025-07-18 00:54:05,EXC001,OP1001,True,Unfastened,True,
2025-07-18 00:54:07,EXC001,OP1001,False,Fastened,False,
2025-07-18 00:54:08,EXC001,OP1001,True,Fastened,False,
2025-07-18 00:54:09,EXC001,OP1001,True,Fastened,False,
2025-07-18 00:54:10,EXC001,OP1001,True,Fastened,False,
2025-07-18 00:54:11,EXC001,OP1001,True,Fastened,False,
2025-07-18 00:54:12,EXC001,OP1001,False,Unfastened,False,
2025-07-18 00:54:13,EXC001,OP1001,,Unfastened,False,
2025-07-18 00:54:14,EXC001,OP1001,True,Fastened,False,
2025-07-18 00:54:15,EXC001,OP1001,True,Fastened,False,
2025-07-18 00:54:16,EXC001,OP1001,False,Unfastened,False,
2025-07-18 00:54:17,EXC001,OP1001,True,Fastened,False,
2025-07-18 00:54:18,EXC001,OP1001,True,Fastened,False,
2025-07-18 00:54:19,EXC001,OP1001,True,Fastened,False,
2025-07-18 00:54:20,EXC001,OP1001,False,Unfastened,False,
2025-07-18 00:54:21,EXC001,OP1001,True,Fastened,False,
2025-07-18 00:54:22,EXC001,OP1001,True,Fastened,False,
2025-07-18 00:54:23,EXC001,OP1001,True,Fastened,False,
2025-07-18 00:54:24,EXC001,OP1001,True,Unfastened,True,
2025-07-18 00:54:26,EXC001,OP1001,True,Fastened,False,
2025-07-18 00:54:27,EXC001,OP1001,True,Fastened,False,
2025-07-18 00:54:28,EXC001,OP1001,True,Fastened,False,
2025-07-18 00:54:29,EXC001,OP1001,False,Unfastened,False,
2025-07-18 00:54:30,EXC001,OP1001,False,Unfastened,False,
2025-07-18 00:54:31,EXC001,OP1001,True,Fastened,False,
2025-07-18 00:54:32,EXC001,OP1001,False,Unfastened,False,
2025-07-18 00:54:33,EXC001,OP1001,False,Unfastened,False,
2025-07-18 00:54:34,EXC001,OP1001,True,Fastened,False,
2025-07-18 00:54:35,EXC001,OP1001,True,Fastened,False,
2025-07-18 00:54:36,EXC001,OP1001,True,Unfastened,True,
2025-07-18 00:54:37,EXC001,OP1001,True,Fastened,False,
2025-07-18 00:54:38,EXC001,OP1001,True,Fastened,False,
2025-07-18 00:54:39,EXC001,OP1001,True,Fastened,False,
2025-07-18 00:54:40,EXC001,OP1001,True,Fastened,False,
2025-07-18 00:54:41,EXC001,OP1001,,Unfastened,False,
2025-07-18 00:54:42,EXC001,OP1001,,Unfastened,False,
2025-07-18 00:54:43,EXC001,OP1001,False,Unfastened,False,
2025-07-18 00:54:44,EXC001,OP1001,False,Unfastened,False,
2025-07-18 00:54:45,EXC001,OP1001,True,Unfastened,True,
2025-07-18 00:54:47,EXC001,OP1001,True,Fastened,False,
2025-07-18 00:54:48,EXC001,OP1001,True,Fastened,False,
2025-07-18 00:54:49,EXC001,OP1001,True,Fastened,False,
2025-07-18 00:54:50,EXC001,OP1001,True,Fastened,False,
2025-07-18 00:54:51,EXC001,OP1001,True,Fastened,False,
2025-07-18 00:54:52,EXC001,OP1001,True,Fastened,False,
2025-07-18 00:54:53,EXC001,OP1001,True,Fastened,False,
2025-07-18 00:54:54,EXC001,OP1001,True,Fastened,False,
2025-07-18 00:54:55,EXC001,OP1001,True,Fastened,False,
2025-07-18 00:54:56,EXC001,OP1001,True,Fastened,False,
2025-07-18 00:54:57,EXC001,OP1001,False,Unfastened,False,
2025-07-18 00:54:58,EXC001,OP1001,True,Fastened,False,
2025-07-18 00:54:59,EXC001,OP1001,,Unfastened,False,
2025-07-18 00:55:00,EXC001,OP1001,True,Fastened,False,
2025-07-18 00:55:01,EXC001,OP1001,False,Unfastened,False,
2025-07-18 00:55:02,EXC001,OP1001,True,Fastened,False,
2025-07-18 00:55:03,EXC001,OP1001,True,Fastened,False,
2025-07-18 00:55:04,EXC001,OP1001,True,Fastened,False,
2025-07-18 00:55:05,EXC001,OP1001,False,Unfastened,False,
2025-07-18 00:55:06,EXC001,OP1001,False,Unfastened,False,
2025-07-18 00:55:07,EXC001,OP1001,True,Fastened,False,
2025-07-18 00:55:08,EXC001,OP1001,True,Fastened,False,
2025-07-18 00:55:09,EXC001,OP1001,True,Fastened,False,
2025-07-18 00:55:10,EXC001,OP1001,True,Fastened,False,
2025-07-18 00:55:11,EXC001,OP1001,True,Fastened,False,
2025-07-18 00:55:12,EXC001,OP1001,True,Fastened,False,
2025-07-18 00:55:13,EXC001,OP1001,,Unfastened,False,
2025-07-18 00:55:14,EXC001,OP1001,True,Fastened,False,
2025-07-18 00:55:15,EXC001,OP1001,True,Fastened,False,
2025-07-18 00:55:16,EXC001,OP1001,True,Fastened,False,
2025-07-18 00:55:17,EXC001,OP1001,False,Unfastened,False,
2025-07-18 00:55:18,EXC001,OP1001,True,Fastened,False,
2025-07-18 00:55:19,EXC001,OP1001,True,Fastened,False,
2025-07-18 00:55:20,EXC001,OP1001,True,Fastened,False,
2025-07-18 00:55:21,EXC001,OP1001,True,Fastened,False,
2025-07-18 00:55:22,EXC001,OP1001,True,Fastened,False,
2025-07-18 00:55:23,EXC001,OP1001,False,Unfastened,False,
2025-07-18 00:55:24,EXC001,OP1001,True,Fastened,False,
2025-07-18 00:55:25,EXC001,OP1001,False,Unfastened,False,
2025-07-18 00:55:26,EXC001,OP1001,True,Fastened,False,
2025-07-18 00:55:27,EXC001,OP1001,False,Unfastened,False,
2025-07-18 00:55:28,EXC001,OP1001,,Unfastened,False,
2025-07-18 00:55:29,EXC001,OP1001,True,Fastened,False,
2025-07-18 00:55:30,EXC001,OP1001,True,Fastened,False,
2025-07-18 00:55:31,EXC001,OP1001,True,Fastened,False,
2025-07-18 00:55:32,EXC001,OP1001,True,Fastened,False,
2025-07-18 00:55:33,EXC001,OP1001,True,Fastened,False,
2025-07-18 00:55:34,EXC001,OP1001,True,Unfastened,True,
2025-07-18 00:55:35,EXC001,OP1001,True,Fastened,False,
2025-07-18 00:55:36,EXC001,OP1001,True,Fastened,False,
2025-07-18 00:55:37,EXC001,OP1001,True,Fastened,False,
2025-07-18 00:55:38,EXC001,OP1001,True,Fastened,False,
2025-07-18 00:55:40,EXC001,OP1001,True,Unfastened,True,
2025-07-18 00:55:41,EXC001,OP1001,False,Unfastened,False,
2025-07-18 00:55:42,EXC001,OP1001,False,Unfastened,False,
2025-07-18 00:55:43,EXC001,OP1001,True,Fastened,False,
2025-07-18 00:55:44,EXC001,OP1001,,Unfastened,False,
2025-07-18 00:55:45,EXC001,OP1001,True,Unfastened,True,
2025-07-18 00:55:47,EXC001,OP1001,True,Fastened,False,
2025-07-18 00:55:48,EXC001,OP1001,True,Unfastened,True,
2025-07-18 00:55:49,EXC001,OP1001,True,Fastened,False,
2025-07-18 00:55:50,EXC001,OP1001,True,Fastened,False,
2025-07-18 00:55:51,EXC001,OP1001,True,Fastened,False,
2025-07-18 00:55:52,EXC001,OP1001,True,Fastened,False,
2025-07-18 00:55:53,EXC001,OP1001,True,Fastened,False,
2025-07-18 00:55:54,EXC001,OP1001,False,Fastened,False,
2025-07-18 00:55:55,EXC001,OP1001,True,Fastened,False,
2025-07-18 00:55:56,EXC001,OP1001,True,Fastened,False,
2025-07-18 00:55:57,EXC001,OP1001,True,Fastened,False,
2025-07-18 00:55:58,EXC001,OP1001,True,Fastened,False,
2025-07-18 00:55:59,EXC001,OP1001,True,Fastened,False,
2025-07-18 00:56:00,EXC001,OP1001,True,Fastened,False,
2025-07-18 00:56:01,EXC001,OP1001,True,Unfastened,True,
2025-07-18 00:56:03,EXC001,OP1001,True,Fastened,False,
2025-07-18 00:56:04,EXC001,OP1001,True,Fastened,False,
2025-07-18 00:56:05,EXC001,OP1001,True,Fastened,False,
2025-07-18 00:56:06,EXC001,OP1001,True,Fastened,False,
2025-07-18 00:56:07,EXC001,OP1001,True,Unfastened,True,
2025-07-18 00:56:08,EXC001,OP1001,True,Fastened,False,
2025-07-18 00:56:09,EXC001,OP1001,True,Fastened,False,
2025-07-18 00:56:10,EXC001,OP1001,True,Unfastened,True,
2025-07-18 00:56:12,EXC001,OP1001,True,Fastened,False,
2025-07-18 00:56:13,EXC001,OP1001,True,Fastened,False,
2025-07-18 00:56:14,EXC001,OP1001,False,Unfastened,False,
2025-07-18 00:56:15,EXC001,OP1001,True,Fastened,False,
2025-07-18 00:56:16,EXC001,OP1001,True,Fastened,False,
2025-07-18 00:56:17,EXC001,OP1001,False,Unfastened,False,
2025-07-18 00:56:18,EXC001,OP1001,,Unfastened,False,
2025-07-18 00:56:19,EXC001,OP1001,True,Fastened,False,
2025-07-18 00:56:20,EXC001,OP1001,True,Fastened,False,
2025-07-18 00:56:21,EXC001,OP1001,True,Fastened,False,
2025-07-18 00:56:22,EXC001,OP1001,True,Fastened,False,
2025-07-18 00:56:23,EXC001,OP1001,True,Fastened,False,
2025-07-18 00:56:24,EXC001,OP1001,True,Fastened,False,
2025-07-18 00:56:25,EXC001,OP1001,True,Fastened,False,
2025-07-18 00:56:26,EXC001,OP1001,False,Unfastened,False,
2025-07-18 00:56:27,EXC001,OP1001,,Unfastened,False,
2025-07-18 00:56:28,EXC001,OP1001,True,Unfastened,True,
2025-07-18 00:56:29,EXC001,OP1001,,Unfastened,False,
2025-07-18 00:56:30,EXC001,OP1001,True,Fastened,False,
2025-07-18 00:56:31,EXC001,OP1001,True,Fastened,False,
2025-07-18 00:56:32,EXC001,OP1001,False,Unfastened,False,
2025-07-18 00:56:33,EXC001,OP1001,True,Fastened,False,
2025-07-18 00:56:34,EXC001,OP1001,True,Fastened,False,
2025-07-18 00:56:35,EXC001,OP1001,True,Fastened,False,
2025-07-18 00:56:36,EXC001,OP1001,True,Fastened,False,
2025-07-18 00:56:37,EXC001,OP1001,,Unfastened,False,
2025-07-18 00:56:38,EXC001,OP1001,True,Unfastened,True,
2025-07-18 00:56:40,EXC001,OP1001,True,Fastened,False,
2025-07-18 00:56:41,EXC001,OP1001,True,Fastened,False,
2025-07-18 00:56:42,EXC001,OP1001,,Fastened,False,
2025-07-18 00:56:43,EXC001,OP1001,True,Fastened,False,
2025-07-18 00:56:44,EXC001,OP1001,False,Unfastened,False,
2025-07-18 00:56:45,EXC001,OP1001,True,Fastened,False,
2025-07-18 00:56:46,EXC001,OP1001,True,Fastened,False,
2025-07-18 00:56:47,EXC001,OP1001,True,Fastened,False,
2025-07-18 00:56:48,EXC001,OP1001,True,Fastened,False,
2025-07-18 00:56:49,EXC001,OP1001,True,Fastened,False,
2025-07-18 00:56:50,EXC001,OP1001,True,Fastened,False,
2025-07-18 00:56:51,EXC001,OP1001,True,Fastened,False,
2025-07-18 00:56:52,EXC001,OP1001,True,Fastened,False,
2025-07-18 00:56:53,EXC001,OP1001,True,Fastened,False,
2025-07-18 00:56:54,EXC001,OP1001,False,Unfastened,False,
2025-07-18 00:56:55,EXC001,OP1001,False,Unfastened,False,
2025-07-18 00:56:56,EXC001,OP1001,False,Unfastened,False,
2025-07-18 00:56:57,EXC001,OP1001,True,Fastened,False,
2025-07-18 00:56:58,EXC001,OP1001,True,Fastened,False,
2025-07-18 00:56:59,EXC001,OP1001,True,Fastened,False,
2025-07-18 00:57:00,EXC001,OP1001,True,Fastened,False,
2025-07-18 00:57:01,EXC001,OP1001,True,Fastened,False,
2025-07-18 00:57:02,EXC001,OP1001,False,Unfastened,False,
2025-07-18 00:57:03,EXC001,OP1001,True,Fastened,False,
2025-07-18 00:57:04,EXC001,OP1001,True,Fastened,False,
2025-07-18 00:57:05,EXC001,OP1001,True,Fastened,False,
2025-07-18 00:57:06,EXC001,OP1001,True,Unfastened,True,
2025-07-18 00:57:08,EXC001,OP1001,True,Unfastened,True,
2025-07-18 00:57:09,EXC001,OP1001,True,Fastened,False,
2025-07-18 00:57:10,EXC001,OP1001,True,Fastened,False,
2025-07-18 00:57:11,EXC001,OP1001,True,Fastened,False,
2025-07-18 00:57:12,EXC001,OP1001,True,Fastened,False,
2025-07-18 00:57:13,EXC001,OP1001,True,Fastened,False,
2025-07-18 00:57:14,EXC001,OP1001,True,Fastened,False,
2025-07-18 00:57:15,EXC001,OP1001,False,Unfastened,False,
2025-07-18 00:57:16,EXC001,OP1001,True,Fastened,False,
2025-07-18 00:57:17,EXC001,OP1001,True,Unfastened,True,
2025-07-18 00:57:19,EXC001,OP1001,,Unfastened,False,
2025-07-18 00:57:20,EXC001,OP1001,False,Unfastened,False,
2025-07-18 00:57:21,EXC001,OP1001,True,Unfastened,True,
2025-07-18 00:57:22,EXC001,OP1001,False,Unfastened,False,
2025-07-18 00:57:23,EXC001,OP1001,True,Unfastened,True,
2025-07-18 00:57:25,EXC001,OP1001,,Unfastened,False,
2025-07-18 00:57:26,EXC001,OP1001,,Unfastened,False,
2025-07-18 00:57:27,EXC001,OP1001,True,Fastened,False,
2025-07-18 00:57:28,EXC001,OP1001,True,Unfastened,True,
2025-07-18 00:57:29,EXC001,OP1001,True,Fastened,False,
2025-07-18 00:57:30,EXC001,OP1001,True,Fastened,False,
2025-07-18 00:57:31,EXC001,OP1001,True,Fastened,False,
2025-07-18 00:57:32,EXC001,OP1001,False,Unfastened,False,
2025-07-18 00:57:33,EXC001,OP1001,True,Fastened,False,
2025-07-18 00:57:34,EXC001,OP1001,True,Fastened,False,
2025-07-18 00:57:35,EXC001,OP1001,True,Fastened,False,
2025-07-18 00:57:36,EXC001,OP1001,True,Fastened,False,
2025-07-18 00:57:37,EXC001,OP1001,True,Unfastened,True,
2025-07-18 00:57:39,EXC001,OP1001,True,Fastened,False,
2025-07-18 00:57:40,EXC001,OP1001,,Unfastened,False,
2025-07-18 00:57:41,EXC001,OP1001,True,Fastened,False,
2025-07-18 00:57:42,EXC001,OP1001,True,Fastened,False,
2025-07-18 00:57:43,EXC001,OP1001,True,Fastened,False,
2025-07-18 00:57:44,EXC001,OP1001,True,Fastened,False,
2025-07-18 00:57:45,EXC001,OP1001,True,Unfastened,True,
2025-07-18 00:57:46,EXC001,OP1001,True,Fastened,False,
2025-07-18 00:57:47,EXC001,OP1001,True,Fastened,False,
2025-07-18 00:57:48,EXC001,OP1001,True,Fastened,False,
2025-07-18 00:57:49,EXC001,OP1001,True,Fastened,False,
2025-07-18 00:57:50,EXC001,OP1001,True,Fastened,False,
2025-07-18 00:57:51,EXC001,OP1001,True,Fastened,False,
2025-07-18 00:57:52,EXC001,OP1001,True,Unfastened,True,
2025-07-18 00:57:54,EXC001,OP1001,True,Unfastened,True,
2025-07-18 00:57:55,EXC001,OP1001,False,Unfastened,False,
2025-07-18 00:57:56,EXC001,OP1001,True,Fastened,False,
2025-07-18 00:57:57,EXC001,OP1001,True,Fastened,False,
2025-07-18 00:57:58,EXC001,OP1001,True,Fastened,False,
2025-07-18 00:57:59,EXC001,OP1001,True,Fastened,False,
2025-07-18 00:58:00,EXC001,OP1001,,Unfastened,False,
2025-07-18 00:58:02,EXC001,OP1001,,Unfastened,False,
2025-07-18 00:58:03,EXC001,OP1001,True,Fastened,False,
2025-07-18 00:58:04,EXC001,OP1001,True,Fastened,False,
2025-07-18 00:58:05,EXC001,OP1001,True,Fastened,False,
2025-07-18 00:58:06,EXC001,OP1001,True,Fastened,False,
2025-07-18 00:58:07,EXC001,OP1001,True,Fastened,False,
2025-07-18 00:58:08,EXC001,OP1001,True,Fastened,False,
2025-07-18 00:58:09,EXC001,OP1001,True,Fastened,False,
2025-07-18 00:58:10,EXC001,OP1001,True,Fastened,False,
2025-07-18 00:58:11,EXC001,OP1001,True,Fastened,False,
2025-07-18 00:58:12,EXC001,OP1001,True,Fastened,False,
2025-07-18 00:58:13,EXC001,OP1001,True,Fastened,False,
2025-07-18 00:58:14,EXC001,OP1001,True,Fastened,False,
2025-07-18 00:58:15,EXC001,OP1001,True,Fastened,False,
2025-07-18 00:58:16,EXC001,OP1001,,Unfastened,False,
2025-07-18 00:58:17,EXC001,OP1001,True,Fastened,False,
2025-07-18 00:58:18,EXC001,OP1001,False,Unfastened,False,
2025-07-18 00:58:19,EXC001,OP1001,True,Fastened,False,
2025-07-18 00:58:20,EXC001,OP1001,False,Unfastened,False,
2025-07-18 00:58:21,EXC001,OP1001,True,Fastened,False,
2025-07-18 00:58:22,EXC001,OP1001,True,Fastened,False,
2025-07-18 00:58:23,EXC001,OP1001,True,Fastened,False,
2025-07-18 00:58:24,EXC001,OP1001,True,Fastened,False,
2025-07-18 00:58:25,EXC001,OP1001,True,Fastened,False,
2025-07-18 00:58:26,EXC001,OP1001,False,Unfastened,False,
2025-07-18 00:58:27,EXC001,OP1001,True,Fastened,False,
2025-07-18 00:58:28,EXC001,OP1001,True,Fastened,False,
2025-07-18 00:58:29,EXC001,OP1001,,Unfastened,False,
2025-07-18 00:58:30,EXC001,OP1001,True,Fastened,False,
2025-07-18 00:58:31,EXC001,OP1001,True,Fastened,False,
2025-07-18 00:58:32,EXC001,OP1001,True,Fastened,False,
2025-07-18 00:58:33,EXC001,OP1001,True,Fastened,False,
2025-07-18 00:58:34,EXC001,OP1001,True,Fastened,False,
2025-07-18 00:58:35,EXC001,OP1001,False,Unfastened,False,
2025-07-18 00:58:36,EXC001,OP1001,True,Fastened,False,
2025-07-18 00:58:37,EXC001,OP1001,True,Fastened,False,
2025-07-18 00:58:38,EXC001,OP1001,,Unfastened,False,
2025-07-18 00:58:39,EXC001,OP1001,False,Unfastened,False,
2025-07-18 00:58:40,EXC001,OP1001,False,Unfastened,False,
2025-07-18 00:58:41,EXC001,OP1001,True,Fastened,False,
2025-07-18 00:58:42,EXC001,OP1001,True,Fastened,False,
2025-07-18 00:58:43,EXC001,OP1001,True,Fastened,False,
2025-07-18 00:58:44,EXC001,OP1001,False,Fastened,False,
2025-07-18 00:58:45,EXC001,OP1001,True,Fastened,False,
2025-07-18 00:58:46,EXC001,OP1001,True,Fastened,False,
2025-07-18 00:58:47,EXC001,OP1001,True,Fastened,False,
2025-07-18 00:58:48,EXC001,OP1001,False,Unfastened,False,
2025-07-18 00:58:49,EXC001,OP1001,True,Fastened,False,
2025-07-18 00:58:50,EXC001,OP1001,True,Fastened,False,
2025-07-18 00:58:51,EXC001,OP1001,True,Fastened,False,
2025-07-18 00:58:52,EXC001,OP1001,True,Fastened,False,
2025-07-18 00:58:53,EXC001,OP1001,True,Fastened,False,
2025-07-18 00:58:54,EXC001,OP1001,True,Fastened,False,
2025-07-18 00:58:55,EXC001,OP1001,True,Fastened,False,
2025-07-18 00:58:56,EXC001,OP1001,True,Fastened,False,
2025-07-18 00:58:57,EXC001,OP1001,,Unfastened,False,
2025-07-18 00:58:58,EXC001,OP1001,True,Fastened,False,
2025-07-18 00:58:59,EXC001,OP1001,True,Fastened,False,
2025-07-18 00:59:00,EXC001,OP1001,,Fastened,False,
2025-07-18 00:59:01,EXC001,OP1001,True,Unfastened,True,
2025-07-18 00:59:03,EXC001,OP1001,False,Unfastened,False,
2025-07-18 00:59:04,EXC001,OP1001,False,Fastened,False,
2025-07-18 00:59:05,EXC001,OP1001,False,Unfastened,False,
2025-07-18 00:59:06,EXC001,OP1001,True,Fastened,False,
2025-07-18 00:59:07,EXC001,OP1001,True,Fastened,False,
2025-07-18 00:59:08,EXC001,OP1001,True,Fastened,False,
2025-07-18 00:59:09,EXC001,OP1001,True,Fastened,False,
2025-07-18 00:59:10,EXC001,OP1001,True,Fastened,False,
2025-07-18 00:59:11,EXC001,OP1001,True,Fastened,False,
2025-07-18 00:59:12,EXC001,OP1001,True,Fastened,False,
2025-07-18 00:59:13,EXC001,OP1001,False,Unfastened,False,
2025-07-18 00:59:14,EXC001,OP1001,True,Fastened,False,
2025-07-18 00:59:15,EXC001,OP1001,True,Fastened,False,
2025-07-18 00:59:16,EXC001,OP1001,,Unfastened,False,
2025-07-18 00:59:17,EXC001,OP1001,True,Unfastened,True,
2025-07-18 00:59:18,EXC001,OP1001,False,Unfastened,False,
2025-07-18 00:59:19,EXC001,OP1001,,Unfastened,False,
2025-07-18 00:59:20,EXC001,OP1001,True,Fastened,False,
2025-07-18 00:59:21,EXC001,OP1001,True,Fastened,False,
2025-07-18 00:59:22,EXC001,OP1001,True,Fastened,False,
2025-07-18 00:59:23,EXC001,OP1001,True,Fastened,False,
2025-07-18 00:59:24,EXC001,OP1001,True,Fastened,False,
2025-07-18 00:59:25,EXC001,OP1001,True,Fastened,False,
2025-07-18 00:59:26,EXC001,OP1001,True,Fastened,False,
2025-07-18 00:59:27,EXC001,OP1001,False,Unfastened,False,
2025-07-18 00:59:28,EXC001,OP1001,,Unfastened,False,
2025-07-18 00:59:29,EXC001,OP1001,True,Fastened,False,
2025-07-18 00:59:30,EXC001,OP1001,True,Unfastened,True,
2025-07-18 00:59:32,EXC001,OP1001,True,Fastened,False,
2025-07-18 00:59:33,EXC001,OP1001,False,Unfastened,False,
2025-07-18 00:59:34,EXC001,OP1001,,Unfastened,False,
2025-07-18 00:59:35,EXC001,OP1001,True,Fastened,False,
2025-07-18 00:59:36,EXC001,OP1001,True,Fastened,False,
2025-07-18 00:59:37,EXC001,OP1001,True,Fastened,False,
2025-07-18 00:59:38,EXC001,OP1001,False,Unfastened,False,
2025-07-18 00:59:39,EXC001,OP1001,True,Fastened,False,
2025-07-18 00:59:40,EXC001,OP1001,True,Fastened,False,
2025-07-18 00:59:41,EXC001,OP1001,True,Fastened,False,
2025-07-18 00:59:42,EXC001,OP1001,True,Fastened,False,
2025-07-18 00:59:43,EXC001,OP1001,False,Unfastened,False,
2025-07-18 00:59:44,EXC001,OP1001,True,Fastened,False,
2025-07-18 00:59:45,EXC001,OP1001,,Unfastened,False,
2025-07-18 00:59:46,EXC001,OP1001,True,Fastened,False,
2025-07-18 00:59:47,EXC001,OP1001,True,Unfastened,True,
2025-07-18 00:59:49,EXC001,OP1001,,Unfastened,False,
2025-07-18 00:59:50,EXC001,OP1001,True,Fastened,False,
2025-07-18 00:59:51,EXC001,OP1001,True,Fastened,False,
2025-07-18 00:59:52,EXC001,OP1001,True,Fastened,False,
2025-07-18 00:59:53,EXC001,OP1001,False,Unfastened,False,
2025-07-18 00:59:54,EXC001,OP1001,True,Fastened,False,
2025-07-18 00:59:55,EXC001,OP1001,True,Fastened,False,
2025-07-18 00:59:56,EXC001,OP1001,False,Fastened,False,
2025-07-18 00:59:57,EXC001,OP1001,True,Unfastened,True,
2025-07-18 00:59:58,EXC001,OP1001,True,Unfastened,True,
2025-07-18 01:00:00,EXC001,OP1001,True,Fastened,False,
2025-07-18 01:00:01,EXC001,OP1001,True,Fastened,False,
2025-07-18 01:00:02,EXC001,OP1001,False,Unfastened,False,
2025-07-18 01:00:03,EXC001,OP1001,False,Unfastened,False,
2025-07-18 01:00:04,EXC001,OP1001,True,Fastened,False,
2025-07-18 01:00:05,EXC001,OP1001,,Unfastened,False,
2025-07-18 01:00:06,EXC001,OP1001,True,Fastened,False,
2025-07-18 01:00:07,EXC001,OP1001,True,Fastened,False,
2025-07-18 01:00:08,EXC001,OP1001,False,Unfastened,False,
2025-07-18 01:00:09,EXC001,OP1001,False,Unfastened,False,
2025-07-18 01:00:10,EXC001,OP1001,,Unfastened,False,
2025-07-18 01:00:11,EXC001,OP1001,True,Fastened,False,
2025-07-18 01:00:12,EXC001,OP1001,False,Fastened,False,
2025-07-18 01:00:13,EXC001,OP1001,True,Unfastened,True,
2025-07-18 01:00:14,EXC001,OP1001,True,Fastened,False,
2025-07-18 01:00:15,EXC001,OP1001,False,Unfastened,False,
2025-07-18 01:00:16,EXC001,OP1001,,Fastened,False,
2025-07-18 01:00:17,EXC001,OP1001,True,Fastened,False,
2025-07-18 01:00:19,EXC001,OP1001,True,Fastened,False,
2025-07-18 01:00:20,EXC001,OP1001,True,Fastened,False,
2025-07-18 01:00:21,EXC001,OP1001,True,Fastened,False,
2025-07-18 01:00:22,EXC001,OP1001,True,Fastened,False,
2025-07-18 01:00:23,EXC001,OP1001,True,Fastened,False,
2025-07-18 01:00:24,EXC001,OP1001,True,Fastened,False,
2025-07-18 01:00:25,EXC001,OP1001,True,Fastened,False,
2025-07-18 01:00:26,EXC001,OP1001,True,Fastened,False,
2025-07-18 01:00:27,EXC001,OP1001,True,Fastened,False,
2025-07-18 01:00:28,EXC001,OP1001,True,Fastened,False,
2025-07-18 01:00:29,EXC001,OP1001,True,Fastened,False,
2025-07-18 01:00:30,EXC001,OP1001,False,Unfastened,False,
2025-07-18 01:00:31,EXC001,OP1001,True,Fastened,False,
2025-07-18 01:00:32,EXC001,OP1001,True,Fastened,False,
2025-07-18 01:00:33,EXC001,OP1001,False,Unfastened,False,
2025-07-18 01:00:34,EXC001,OP1001,True,Fastened,False,
2025-07-18 01:00:35,EXC001,OP1001,True,Fastened,False,
2025-07-18 01:00:36,EXC001,OP1001,True,Fastened,False,
2025-07-18 01:00:37,EXC001,OP1001,False,Unfastened,False,
2025-07-18 01:00:38,EXC001,OP1001,True,Fastened,False,
2025-07-18 01:00:39,EXC001,OP1001,True,Unfastened,True,
2025-07-18 01:00:40,EXC001,OP1001,True,Fastened,False,
2025-07-18 01:00:41,EXC001,OP1001,,Fastened,False,
2025-07-18 01:00:42,EXC001,OP1001,False,Unfastened,False,
2025-07-18 01:00:43,EXC001,OP1001,,Unfastened,False,
2025-07-18 01:00:44,EXC001,OP1001,True,Fastened,False,
2025-07-18 01:00:45,EXC001,OP1001,,Unfastened,False,
2025-07-18 01:00:46,EXC001,OP1001,,Unfastened,False,
2025-07-18 01:00:47,EXC001,OP1001,True,Fastened,False,
2025-07-18 01:00:48,EXC001,OP1001,True,Fastened,False,
2025-07-18 01:00:49,EXC001,OP1001,True,Fastened,False,
2025-07-18 01:00:50,EXC001,OP1001,True,Fastened,False,
2025-07-18 01:00:51,EXC001,OP1001,False,Unfastened,False,
2025-07-18 01:00:52,EXC001,OP1001,True,Fastened,False,
2025-07-18 01:00:53,EXC001,OP1001,False,Unfastened,False,
2025-07-18 01:00:54,EXC001,OP1001,,Unfastened,False,
2025-07-18 01:00:55,EXC001,OP1001,True,Fastened,False,
2025-07-18 01:00:56,EXC001,OP1001,,Unfastened,False,
2025-07-18 01:00:57,EXC001,OP1001,True,Fastened,False,
2025-07-18 01:00:58,EXC001,OP1001,False,Unfastened,False,
2025-07-18 01:00:59,EXC001,OP1001,True,Fastened,False,
2025-07-18 01:01:00,EXC001,OP1001,True,Fastened,False,
2025-07-18 01:01:01,EXC001,OP1001,True,Fastened,False,
2025-07-18 01:01:02,EXC001,OP1001,,Unfastened,False,
2025-07-18 01:01:03,EXC001,OP1001,True,Fastened,False,
2025-07-18 01:01:04,EXC001,OP1001,True,Fastened,False,
2025-07-18 01:01:05,EXC001,OP1001,,Unfastened,False,
2025-07-18 01:01:06,EXC001,OP1001,False,Unfastened,False,
2025-07-18 01:01:07,EXC001,OP1001,True,Fastened,False,
2025-07-18 01:01:08,EXC001,OP1001,True,Fastened,False,
2025-07-18 01:01:10,EXC001,OP1001,,Unfastened,False,
2025-07-18 01:01:11,EXC001,OP1001,True,Fastened,False,
2025-07-18 01:01:12,EXC001,OP1001,True,Fastened,False,
2025-07-18 01:01:13,EXC001,OP1001,True,Fastened,False,
2025-07-18 01:01:14,EXC001,OP1001,False,Unfastened,False,
2025-07-18 01:01:15,EXC001,OP1001,True,Fastened,False,
2025-07-18 01:01:16,EXC001,OP1001,True,Fastened,False,
2025-07-18 01:01:17,EXC001,OP1001,False,Unfastened,False,
2025-07-18 01:01:18,EXC001,OP1001,False,Unfastened,False,
2025-07-18 01:01:19,EXC001,OP1001,True,Fastened,False,
2025-07-18 01:01:20,EXC001,OP1001,True,Fastened,False,
2025-07-18 01:01:21,EXC001,OP1001,,Unfastened,False,
2025-07-18 01:01:22,EXC001,OP1001,True,Fastened,False,
2025-07-18 01:01:23,EXC001,OP1001,False,Unfastened,False,
2025-07-18 01:01:24,EXC001,OP1001,True,Fastened,False,
2025-07-18 01:01:25,EXC001,OP1001,True,Fastened,False,
2025-07-18 01:01:26,EXC001,OP1001,True,Fastened,False,
2025-07-18 01:01:27,EXC001,OP1001,False,Unfastened,False,
2025-07-18 01:01:28,EXC001,OP1001,True,Fastened,False,
2025-07-18 01:01:29,EXC001,OP1001,False,Unfastened,False,
2025-07-18 01:01:30,EXC001,OP1001,,Unfastened,False,
2025-07-18 01:01:31,EXC001,OP1001,True,Fastened,False,
2025-07-18 01:01:32,EXC001,OP1001,False,Unfastened,False,
2025-07-18 01:01:33,EXC001,OP1001,True,Fastened,False,
2025-07-18 01:01:34,EXC001,OP1001,True,Unfastened,True,
2025-07-18 01:01:35,EXC001,OP1001,True,Fastened,False,
2025-07-18 01:01:36,EXC001,OP1001,True,Fastened,False,
2025-07-18 01:01:37,EXC001,OP1001,True,Fastened,False,
2025-07-18 01:01:38,EXC001,OP1001,True,Fastened,False,
2025-07-18 01:01:39,EXC001,OP1001,True,Fastened,False,
2025-07-18 01:01:40,EXC001,OP1001,True,Fastened,False,
2025-07-18 01:01:41,EXC001,OP1001,True,Fastened,False,
2025-07-18 01:01:42,EXC001,OP1001,False,Unfastened,False,
2025-07-18 01:01:43,EXC001,OP1001,False,Fastened,False,
2025-07-18 01:01:44,EXC001,OP1001,True,Fastened,False,
2025-07-18 01:01:45,EXC001,OP1001,True,Unfastened,True,
2025-07-18 01:01:47,EXC001,OP1001,True,Fastened,False,
2025-07-18 01:01:48,EXC001,OP1001,True,Fastened,False,
2025-07-18 01:01:49,EXC001,OP1001,True,Fastened,False,
2025-07-18 01:01:50,EXC001,OP1001,True,Fastened,False,
2025-07-18 01:01:51,EXC001,OP1001,True,Fastened,False,
2025-07-18 01:01:52,EXC001,OP1001,True,Fastened,False,
2025-07-18 01:01:53,EXC001,OP1001,True,Fastened,False,
2025-07-18 01:01:54,EXC001,OP1001,True,Fastened,False,
2025-07-18 01:01:55,EXC001,OP1001,True,Fastened,False,
2025-07-18 01:01:56,EXC001,OP1001,False,Unfastened,False,
2025-07-18 01:01:57,EXC001,OP1001,True,Fastened,False,
2025-07-18 01:01:58,EXC001,OP1001,True,Fastened,False,
2025-07-18 01:01:59,EXC001,OP1001,True,Fastened,False,
2025-07-18 01:02:00,EXC001,OP1001,True,Fastened,False,
2025-07-18 01:02:01,EXC001,OP1001,True,Fastened,False,
2025-07-18 01:02:02,EXC001,OP1001,True,Fastened,False,
2025-07-18 01:02:03,EXC001,OP1001,True,Fastened,False,
2025-07-18 01:02:04,EXC001,OP1001,True,Fastened,False,
2025-07-18 01:02:05,EXC001,OP1001,True,Fastened,False,
2025-07-18 01:02:06,EXC001,OP1001,False,Unfastened,False,
2025-07-18 01:02:07,EXC001,OP1001,True,Unfastened,True,
2025-07-18 01:02:08,EXC001,OP1001,False,Unfastened,False,
2025-07-18 01:02:09,EXC001,OP1001,True,Fastened,False,
2025-07-18 01:02:10,EXC001,OP1001,False,Unfastened,False,
2025-07-18 01:02:11,EXC001,OP1001,True,Fastened,False,
2025-07-18 01:02:12,EXC001,OP1001,False,Fastened,False,
2025-07-18 01:02:14,EXC001,OP1001,True,Fastened,False,
2025-07-18 01:02:15,EXC001,OP1001,True,Unfastened,True,
2025-07-18 01:02:16,EXC001,OP1001,True,Fastened,False,
2025-07-18 01:02:17,EXC001,OP1001,True,Fastened,False,
2025-07-18 01:02:18,EXC001,OP1001,True,Fastened,False,
2025-07-18 01:02:19,EXC001,OP1001,True,Fastened,False,
2025-07-18 01:02:20,EXC001,OP1001,True,Fastened,False,
2025-07-18 01:02:21,EXC001,OP1001,True,Fastened,False,
2025-07-18 01:02:22,EXC001,OP1001,False,Unfastened,False,
2025-07-18 01:02:23,EXC001,OP1001,True,Fastened,False,
2025-07-18 01:02:24,EXC001,OP1001,True,Fastened,False,
2025-07-18 01:02:25,EXC001,OP1001,True,Fastened,False,
2025-07-18 01:02:26,EXC001,OP1001,False,Unfastened,False,
2025-07-18 01:02:27,EXC001,OP1001,True,Unfastened,True,
2025-07-18 01:02:29,EXC001,OP1001,True,Fastened,False,
2025-07-18 01:02:30,EXC001,OP1001,True,Fastened,False,
2025-07-18 01:02:31,EXC001,OP1001,True,Unfastened,True,
2025-07-18 01:02:32,EXC001,OP1001,True,Fastened,False,
2025-07-18 01:02:33,EXC001,OP1001,True,Fastened,False,
2025-07-18 01:02:34,EXC001,OP1001,False,Unfastened,False,
2025-07-18 01:02:35,EXC001,OP1001,True,Fastened,False,
2025-07-18 01:02:36,EXC001,OP1001,True,Fastened,False,
2025-07-18 01:02:37,EXC001,OP1001,,Unfastened,False,
2025-07-18 01:02:38,EXC001,OP1001,True,Fastened,False,
2025-07-18 01:02:39,EXC001,OP1001,True,Fastened,False,
2025-07-18 01:02:40,EXC001,OP1001,False,Unfastened,False,
2025-07-18 01:02:41,EXC001,OP1001,,Unfastened,False,
2025-07-18 01:02:42,EXC001,OP1001,True,Fastened,False,
2025-07-18 01:02:43,EXC001,OP1001,,Unfastened,False,
2025-07-18 01:02:44,EXC001,OP1001,True,Fastened,False,
2025-07-18 01:02:45,EXC001,OP1001,,Unfastened,False,
2025-07-18 01:02:46,EXC001,OP1001,True,Fastened,False,
2025-07-18 01:02:47,EXC001,OP1001,False,Unfastened,False,
2025-07-18 01:02:48,EXC001,OP1001,False,Unfastened,False,
2025-07-18 01:02:49,EXC001,OP1001,False,Unfastened,False,
2025-07-18 01:02:50,EXC001,OP1001,True,Fastened,False,
2025-07-18 01:02:51,EXC001,OP1001,False,Unfastened,False,
2025-07-18 01:02:52,EXC001,OP1001,,Fastened,False,
2025-07-18 01:02:53,EXC001,OP1001,True,Unfastened,True,
2025-07-18 01:02:55,EXC001,OP1001,False,Unfastened,False,
2025-07-18 01:02:56,EXC001,OP1001,True,Fastened,False,
2025-07-18 01:02:57,EXC001,OP1001,True,Fastened,False,
2025-07-18 01:02:58,EXC001,OP1001,True,Fastened,False,
2025-07-18 01:02:59,EXC001,OP1001,False,Unfastened,False,
2025-07-18 01:03:00,EXC001,OP1001,False,Unfastened,False,
2025-07-18 01:03:01,EXC001,OP1001,,Unfastened,False,
2025-07-18 01:03:02,EXC001,OP1001,True,Fastened,False,
2025-07-18 01:03:03,EXC001,OP1001,False,Unfastened,False,
2025-07-18 01:03:04,EXC001,OP1001,True,Fastened,False,
2025-07-18 01:03:05,EXC001,OP1001,True,Fastened,False,
2025-07-18 01:03:06,EXC001,OP1001,True,Fastened,False,
2025-07-18 01:03:07,EXC001,OP1001,True,Fastened,False,
2025-07-18 01:03:08,EXC001,OP1001,True,Fastened,False,
2025-07-18 01:03:09,EXC001,OP1001,True,Fastened,False,
2025-07-18 01:03:10,EXC001,OP1001,True,Unfastened,True,
2025-07-18 01:03:12,EXC001,OP1001,,Unfastened,False,
2025-07-18 01:03:13,EXC001,OP1001,True,Fastened,False,
2025-07-18 01:03:14,EXC001,OP1001,True,Fastened,False,
2025-07-18 01:03:15,EXC001,OP1001,True,Fastened,False,
2025-07-18 01:03:16,EXC001,OP1001,False,Unfastened,False,
2025-07-18 01:03:17,EXC001,OP1001,False,Unfastened,False,
2025-07-18 01:03:18,EXC001,OP1001,True,Unfastened,True,
2025-07-18 01:03:19,EXC001,OP1001,True,Fastened,False,
2025-07-18 01:03:20,EXC001,OP1001,True,Fastened,False,
2025-07-18 01:03:21,EXC001,OP1001,,Unfastened,False,
2025-07-18 01:03:22,EXC001,OP1001,,Unfastened,False,
2025-07-18 01:03:23,EXC001,OP1001,,Unfastened,False,
2025-07-18 01:03:24,EXC001,OP1001,,Unfastened,False,
2025-07-18 01:03:25,EXC001,OP1001,True,Fastened,False,
2025-07-18 01:03:26,EXC001,OP1001,True,Unfastened,True,
2025-07-18 01:03:28,EXC001,OP1001,True,Fastened,False,
2025-07-18 01:03:29,EXC001,OP1001,False,Unfastened,False,
2025-07-18 01:03:30,EXC001,OP1001,,Unfastened,False,
2025-07-18 01:03:31,EXC001,OP1001,True,Unfastened,True,
2025-07-18 01:03:32,EXC001,OP1001,,Unfastened,False,
2025-07-18 01:03:33,EXC001,OP1001,True,Fastened,False,
2025-07-18 01:03:34,EXC001,OP1001,True,Fastened,False,
2025-07-18 01:03:35,EXC001,OP1001,False,Unfastened,False,
2025-07-18 01:03:36,EXC001,OP1001,True,Fastened,False,
2025-07-18 01:03:37,EXC001,OP1001,True,Unfastened,True,
2025-07-18 01:03:39,EXC001,OP1001,True,Unfastened,True,
2025-07-18 01:03:40,EXC001,OP1001,True,Fastened,False,
2025-07-18 01:03:41,EXC001,OP1001,True,Fastened,False,
2025-07-18 01:03:42,EXC001,OP1001,True,Fastened,False,
2025-07-18 01:03:43,EXC001,OP1001,True,Fastened,False,
2025-07-18 01:03:44,EXC001,OP1001,True,Unfastened,True,
2025-07-18 01:03:46,EXC001,OP1001,True,Fastened,False,
2025-07-18 01:03:47,EXC001,OP1001,True,Fastened,False,
2025-07-18 01:03:48,EXC001,OP1001,True,Fastened,False,
2025-07-18 01:03:49,EXC001,OP1001,True,Fastened,False,
2025-07-18 01:03:50,EXC001,OP1001,True,Fastened,False,
2025-07-18 01:03:51,EXC001,OP1001,True,Fastened,False,
2025-07-18 01:03:52,EXC001,OP1001,True,Unfastened,True,
2025-07-18 01:03:53,EXC001,OP1001,True,Fastened,False,
2025-07-18 01:03:54,EXC001,OP1001,True,Fastened,False,
2025-07-18 01:03:55,EXC001,OP1001,True,Fastened,False,
2025-07-18 01:03:56,EXC001,OP1001,True,Fastened,False,
2025-07-18 01:03:57,EXC001,OP1001,False,Unfastened,False,
2025-07-18 01:03:58,EXC001,OP1001,False,Fastened,False,
2025-07-18 01:03:59,EXC001,OP1001,True,Fastened,False,
2025-07-18 01:04:00,EXC001,OP1001,True,Fastened,False,
2025-07-18 01:04:01,EXC001,OP1001,False,Unfastened,False,
2025-07-18 01:04:02,EXC001,OP1001,False,Unfastened,False,
2025-07-18 01:04:03,EXC001,OP1001,True,Fastened,False,
2025-07-18 01:04:04,EXC001,OP1001,True,Fastened,False,
2025-07-18 01:04:05,EXC001,OP1001,True,Fastened,False,
2025-07-18 01:04:06,EXC001,OP1001,True,Fastened,False,
2025-07-18 01:04:07,EXC001,OP1001,False,Unfastened,False,
2025-07-18 01:04:08,EXC001,OP1001,False,Unfastened,False,
2025-07-18 01:04:09,EXC001,OP1001,False,Unfastened,False,
2025-07-18 01:04:10,EXC001,OP1001,True,Fastened,False,
2025-07-18 01:04:11,EXC001,OP1001,True,Fastened,False,
2025-07-18 01:04:12,EXC001,OP1001,True,Fastened,False,
2025-07-18 01:04:13,EXC001,OP1001,False,Unfastened,False,
2025-07-18 01:04:14,EXC001,OP1001,True,Unfastened,True,
2025-07-18 01:04:16,EXC001,OP1001,False,Unfastened,False,
2025-07-18 01:04:17,EXC001,OP1001,True,Fastened,False,
2025-07-18 01:04:18,EXC001,OP1001,True,Fastened,False,
2025-07-18 01:04:19,EXC001,OP1001,True,Fastened,False,
2025-07-18 01:04:20,EXC001,OP1001,True,Fastened,False,
2025-07-18 01:04:21,EXC001,OP1001,False,Unfastened,False,
2025-07-18 01:04:22,EXC001,OP1001,True,Fastened,False,
2025-07-18 01:04:23,EXC001,OP1001,True,Fastened,False,
2025-07-18 01:04:24,EXC001,OP1001,True,Fastened,False,
2025-07-18 01:04:25,EXC001,OP1001,False,Unfastened,False,
2025-07-18 01:04:26,EXC001,OP1001,True,Fastened,False,
2025-07-18 01:04:27,EXC001,OP1001,False,Unfastened,False,
2025-07-18 01:04:28,EXC001,OP1001,False,Unfastened,False,
2025-07-18 01:04:29,EXC001,OP1001,,Fastened,False,
2025-07-18 01:04:30,EXC001,OP1001,,Unfastened,False,
2025-07-18 01:04:31,EXC001,OP1001,True,Fastened,False,
2025-07-18 01:04:32,EXC001,OP1001,True,Fastened,False,
2025-07-18 01:04:33,EXC001,OP1001,True,Fastened,False,
2025-07-18 01:04:34,EXC001,OP1001,True,Fastened,False,
2025-07-18 01:04:35,EXC001,OP1001,True,Fastened,False,
2025-07-18 01:04:36,EXC001,OP1001,True,Unfastened,True,
2025-07-18 01:04:38,EXC001,OP1001,,Unfastened,False,
2025-07-18 01:04:39,EXC001,OP1001,True,Fastened,False,
2025-07-18 01:04:40,EXC001,OP1001,,Unfastened,False,
2025-07-18 01:04:41,EXC001,OP1001,True,Fastened,False,
2025-07-18 01:04:42,EXC001,OP1001,False,Unfastened,False,
2025-07-18 01:04:43,EXC001,OP1001,True,Fastened,False,
2025-07-18 01:04:44,EXC001,OP1001,True,Fastened,False,
2025-07-18 01:04:45,EXC001,OP1001,True,Fastened,False,
2025-07-18 01:04:46,EXC001,OP1001,True,Fastened,False,
2025-07-18 01:04:47,EXC001,OP1001,True,Fastened,False,
2025-07-18 01:04:48,EXC001,OP1001,True,Fastened,False,
2025-07-18 01:04:49,EXC001,OP1001,True,Fastened,False,
2025-07-18 01:04:50,EXC001,OP1001,True,Fastened,False,
2025-07-18 01:04:51,EXC001,OP1001,,Unfastened,False,
2025-07-18 01:04:52,EXC001,OP1001,True,Fastened,False,
2025-07-18 01:04:53,EXC001,OP1001,True,Fastened,False,
2025-07-18 01:04:54,EXC001,OP1001,False,Unfastened,False,
2025-07-18 01:04:55,EXC001,OP1001,True,Fastened,False,
2025-07-18 01:04:56,EXC001,OP1001,True,Fastened,False,
2025-07-18 01:04:57,EXC001,OP1001,True,Fastened,False,
2025-07-18 01:04:58,EXC001,OP1001,True,Fastened,False,
2025-07-18 01:04:59,EXC001,OP1001,False,Unfastened,False,
2025-07-18 01:05:00,EXC001,OP1001,True,Fastened,False,
2025-07-18 01:05:01,EXC001,OP1001,True,Fastened,False,
2025-07-18 01:05:02,EXC001,OP1001,False,Unfastened,False,
2025-07-18 01:05:03,EXC001,OP1001,True,Unfastened,True,
2025-07-18 01:05:04,EXC001,OP1001,True,Fastened,False,
2025-07-18 01:05:05,EXC001,OP1001,True,Fastened,False,
2025-07-18 01:05:06,EXC001,OP1001,True,Fastened,False,
2025-07-18 01:05:07,EXC001,OP1001,False,Unfastened,False,
2025-07-18 01:05:08,EXC001,OP1001,True,Fastened,False,
2025-07-18 01:05:09,EXC001,OP1001,False,Unfastened,False,
2025-07-18 01:05:10,EXC001,OP1001,False,Unfastened,False,
2025-07-18 01:05:11,EXC001,OP1001,True,Fastened,False,
2025-07-18 01:05:12,EXC001,OP1001,True,Fastened,False,
2025-07-18 01:05:13,EXC001,OP1001,True,Fastened,False,
2025-07-18 01:05:14,EXC001,OP1001,True,Fastened,False,
2025-07-18 01:05:15,EXC001,OP1001,True,Fastened,False,
2025-07-18 01:05:16,EXC001,OP1001,True,Fastened,False,
2025-07-18 01:05:17,EXC001,OP1001,True,Fastened,False,
2025-07-18 01:05:18,EXC001,OP1001,True,Fastened,False,
2025-07-18 01:05:19,EXC001,OP1001,True,Fastened,False,
2025-07-18 01:05:20,EXC001,OP1001,True,Fastened,False,
2025-07-18 01:05:21,EXC001,OP1001,True,Fastened,False,
2025-07-18 01:05:22,EXC001,OP1001,True,Fastened,False,
2025-07-18 01:05:23,EXC001,OP1001,True,Fastened,False,
2025-07-18 01:05:24,EXC001,OP1001,False,Unfastened,False,
2025-07-18 01:05:25,EXC001,OP1001,True,Fastened,False,
2025-07-18 01:05:26,EXC001,OP1001,True,Fastened,False,
2025-07-18 01:05:28,EXC001,OP1001,False,Unfastened,False,
2025-07-18 01:05:29,EXC001,OP1001,,Unfastened,False,
2025-07-18 01:05:30,EXC001,OP1001,True,Fastened,False,
2025-07-18 01:05:31,EXC001,OP1001,True,Fastened,False,
2025-07-18 01:05:32,EXC001,OP1001,False,Unfastened,False,
2025-07-18 01:05:33,EXC001,OP1001,True,Fastened,False,
2025-07-18 01:05:34,EXC001,OP1001,True,Fastened,False,
2025-07-18 01:05:35,EXC001,OP1001,False,Unfastened,False,
2025-07-18 01:05:36,EXC001,OP1001,,Unfastened,False,
2025-07-18 01:05:37,EXC001,OP1001,False,Unfastened,False,
2025-07-18 01:05:38,EXC001,OP1001,True,Fastened,False,
2025-07-18 01:05:39,EXC001,OP1001,True,Fastened,False,
2025-07-18 01:05:40,EXC001,OP1001,True,Fastened,False,
2025-07-18 01:05:41,EXC001,OP1001,False,Unfastened,False,
2025-07-18 01:05:42,EXC001,OP1001,True,Fastened,False,
2025-07-18 01:05:43,EXC001,OP1001,False,Unfastened,False,
2025-07-18 01:05:44,EXC001,OP1001,True,Fastened,False,
2025-07-18 01:05:45,EXC001,OP1001,True,Fastened,False,
2025-07-18 01:05:46,EXC001,OP1001,True,Fastened,False,
2025-07-18 01:05:47,EXC001,OP1001,True,Fastened,False,
2025-07-18 01:05:48,EXC001,OP1001,,Unfastened,False,
2025-07-18 01:05:49,EXC001,OP1001,False,Unfastened,False,
2025-07-18 01:05:50,EXC001,OP1001,True,Fastened,False,
2025-07-18 01:05:51,EXC001,OP1001,,Unfastened,False,
2025-07-18 01:05:52,EXC001,OP1001,True,Fastened,False,
2025-07-18 01:05:53,EXC001,OP1001,True,Fastened,False,
2025-07-18 01:05:54,EXC001,OP1001,True,Unfastened,True,
2025-07-18 01:05:55,EXC001,OP1001,True,Fastened,False,
2025-07-18 01:05:56,EXC001,OP1001,False,Unfastened,False,
2025-07-18 01:05:57,EXC001,OP1001,True,Unfastened,True,
2025-07-18 01:05:59,EXC001,OP1001,,Unfastened,False,
2025-07-18 01:06:00,EXC001,OP1001,True,Fastened,False,
2025-07-18 01:06:01,EXC001,OP1001,True,Fastened,False,
2025-07-18 01:06:02,EXC001,OP1001,False,Unfastened,False,
2025-07-18 01:06:03,EXC001,OP1001,True,Fastened,False,
2025-07-18 01:06:04,EXC001,OP1001,True,Fastened,False,
2025-07-18 01:06:05,EXC001,OP1001,True,Fastened,False,
2025-07-18 01:06:06,EXC001,OP1001,True,Fastened,False,
2025-07-18 01:06:07,EXC001,OP1001,True,Fastened,False,
2025-07-18 01:06:08,EXC001,OP1001,,Unfastened,False,
2025-07-18 01:06:09,EXC001,OP1001,True,Fastened,False,
2025-07-18 01:06:10,EXC001,OP1001,True,Fastened,False,
2025-07-18 01:06:11,EXC001,OP1001,True,Fastened,False,
2025-07-18 01:06:12,EXC001,OP1001,,Unfastened,False,
2025-07-18 01:06:13,EXC001,OP1001,True,Fastened,False,
2025-07-18 01:06:14,EXC001,OP1001,True,Fastened,False,
2025-07-18 01:06:15,EXC001,OP1001,False,Unfastened,False,
2025-07-18 01:06:16,EXC001,OP1001,True,Fastened,False,
2025-07-18 01:06:17,EXC001,OP1001,True,Unfastened,True,
2025-07-18 01:06:18,EXC001,OP1001,True,Fastened,False,
2025-07-18 01:06:19,EXC001,OP1001,True,Fastened,False,
2025-07-18 01:06:20,EXC001,OP1001,True,Fastened,False,
2025-07-18 01:06:21,EXC001,OP1001,True,Fastened,False,
2025-07-18 01:06:22,EXC001,OP1001,True,Fastened,False,
2025-07-18 01:06:23,EXC001,OP1001,True,Fastened,False,
2025-07-18 01:06:24,EXC001,OP1001,,Unfastened,False,
2025-07-18 01:06:25,EXC001,OP1001,False,Unfastened,False,
2025-07-18 01:06:26,EXC001,OP1001,True,Fastened,False,
2025-07-18 01:06:27,EXC001,OP1001,True,Unfastened,True,
2025-07-18 01:06:29,EXC001,OP1001,True,Fastened,False,
2025-07-18 01:06:30,EXC001,OP1001,False,Unfastened,False,
2025-07-18 01:06:31,EXC001,OP1001,True,Unfastened,True,
2025-07-18 01:06:32,EXC001,OP1001,True,Fastened,False,
2025-07-18 01:06:33,EXC001,OP1001,True,Fastened,False,
2025-07-18 01:06:34,EXC001,OP1001,True,Fastened,False,
2025-07-18 01:06:35,EXC001,OP1001,True,Unfastened,True,
2025-07-18 01:06:37,EXC001,OP1001,False,Unfastened,False,
2025-07-18 01:06:38,EXC001,OP1001,True,Fastened,False,
2025-07-18 01:06:39,EXC001,OP1001,True,Fastened,False,
2025-07-18 01:06:40,EXC001,OP1001,True,Fastened,False,
2025-07-18 01:06:41,EXC001,OP1001,True,Fastened,False,
2025-07-18 01:06:42,EXC001,OP1001,True,Fastened,False,
2025-07-18 01:06:43,EXC001,OP1001,False,Unfastened,False,
2025-07-18 01:06:44,EXC001,OP1001,True,Fastened,False,
2025-07-18 01:06:45,EXC001,OP1001,True,Unfastened,True,
2025-07-18 01:06:47,EXC001,OP1001,True,Fastened,False,
2025-07-18 01:06:48,EXC001,OP1001,True,Fastened,False,
2025-07-18 01:06:49,EXC001,OP1001,False,Unfastened,False,
2025-07-18 01:06:50,EXC001,OP1001,True,Fastened,False,
2025-07-18 01:06:51,EXC001,OP1001,,Unfastened,False,
2025-07-18 01:06:52,EXC001,OP1001,True,Fastened,False,
2025-07-18 01:06:53,EXC001,OP1001,True,Fastened,False,
2025-07-18 01:06:54,EXC001,OP1001,True,Fastened,False,
2025-07-18 01:06:55,EXC001,OP1001,True,Unfastened,True,
2025-07-18 01:06:56,EXC001,OP1001,True,Fastened,False,
2025-07-18 01:06:57,EXC001,OP1001,True,Fastened,False,
2025-07-18 01:06:58,EXC001,OP1001,False,Unfastened,False,
2025-07-18 01:06:59,EXC001,OP1001,True,Fastened,False,
2025-07-18 01:07:00,EXC001,OP1001,True,Fastened,False,
2025-07-18 01:07:01,EXC001,OP1001,True,Fastened,False,
2025-07-18 01:07:02,EXC001,OP1001,True,Fastened,False,
2025-07-18 01:07:03,EXC001,OP1001,True,Unfastened,True,
2025-07-18 01:07:05,EXC001,OP1001,True,Fastened,False,
2025-07-18 01:07:06,EXC001,OP1001,True,Fastened,False,
2025-07-18 01:07:07,EXC001,OP1001,True,Fastened,False,
2025-07-18 01:07:08,EXC001,OP1001,True,Fastened,False,
2025-07-18 01:07:09,EXC001,OP1001,True,Fastened,False,
2025-07-18 01:07:10,EXC001,OP1001,False,Unfastened,False,
2025-07-18 01:07:11,EXC001,OP1001,False,Unfastened,False,
2025-07-18 01:07:12,EXC001,OP1001,True,Unfastened,True,
2025-07-18 01:07:13,EXC001,OP1001,False,Unfastened,False,
2025-07-18 01:07:14,EXC001,OP1001,False,Unfastened,False,
2025-07-18 01:07:15,EXC001,OP1001,False,Unfastened,False,
2025-07-18 01:07:16,EXC001,OP1001,,Unfastened,False,
2025-07-18 01:07:17,EXC001,OP1001,True,Unfastened,True,
2025-07-18 01:07:19,EXC001,OP1001,True,Fastened,False,
2025-07-18 01:07:20,EXC001,OP1001,True,Fastened,False,
2025-07-18 01:07:21,EXC001,OP1001,True,Fastened,False,
2025-07-18 01:07:22,EXC001,OP1001,True,Fastened,False,
2025-07-18 01:07:23,EXC001,OP1001,True,Fastened,False,
2025-07-18 01:07:24,EXC001,OP1001,False,Unfastened,False,
2025-07-18 01:07:25,EXC001,OP1001,,Unfastened,False,
2025-07-18 01:07:26,EXC001,OP1001,True,Fastened,False,
2025-07-18 01:07:27,EXC001,OP1001,True,Fastened,False,
2025-07-18 01:07:28,EXC001,OP1001,,Unfastened,False,
2025-07-18 01:07:29,EXC001,OP1001,False,Unfastened,False,
2025-07-18 01:07:30,EXC001,OP1001,True,Fastened,False,
2025-07-18 01:07:31,EXC001,OP1001,True,Fastened,False,
2025-07-18 01:07:32,EXC001,OP1001,True,Fastened,False,
2025-07-18 01:07:33,EXC001,OP1001,True,Fastened,False,
2025-07-18 01:07:34,EXC001,OP1001,True,Fastened,False,
2025-07-18 01:07:35,EXC001,OP1001,True,Fastened,False,
2025-07-18 01:07:36,EXC001,OP1001,True,Fastened,False,
2025-07-18 01:07:37,EXC001,OP1001,True,Fastened,False,
2025-07-18 01:07:38,EXC001,OP1001,True,Fastened,False,
2025-07-18 01:07:39,EXC001,OP1001,True,Unfastened,True,
2025-07-18 01:07:40,EXC001,OP1001,True,Fastened,False,
2025-07-18 01:07:41,EXC001,OP1001,False,Unfastened,False,
2025-07-18 01:07:42,EXC001,OP1001,True,Fastened,False,
2025-07-18 01:07:43,EXC001,OP1001,True,Fastened,False,
2025-07-18 01:07:44,EXC001,OP1001,True,Fastened,False,
2025-07-18 01:07:45,EXC001,OP1001,True,Fastened,False,
2025-07-18 01:07:46,EXC001,OP1001,True,Fastened,False,
2025-07-18 01:07:47,EXC001,OP1001,True,Fastened,False,
2025-07-18 01:07:48,EXC001,OP1001,True,Fastened,False,
2025-07-18 01:07:49,EXC001,OP1001,True,Fastened,False,
2025-07-18 01:07:50,EXC001,OP1001,True,Fastened,False,
2025-07-18 01:07:51,EXC001,OP1001,False,Unfastened,False,
2025-07-18 01:07:52,EXC001,OP1001,,Unfastened,False,
2025-07-18 01:07:53,EXC001,OP1001,True,Fastened,False,
2025-07-18 01:07:55,EXC001,OP1001,False,Unfastened,False,
2025-07-18 01:07:56,EXC001,OP1001,False,Unfastened,False,
2025-07-18 01:07:57,EXC001,OP1001,,Unfastened,False,
2025-07-18 01:07:58,EXC001,OP1001,True,Unfastened,True,
2025-07-18 01:07:59,EXC001,OP1001,False,Unfastened,False,
2025-07-18 01:08:00,EXC001,OP1001,False,Unfastened,False,
2025-07-18 01:08:01,EXC001,OP1001,False,Unfastened,False,
2025-07-18 01:08:02,EXC001,OP1001,True,Fastened,False,
2025-07-18 01:08:03,EXC001,OP1001,True,Fastened,False,
2025-07-18 01:08:04,EXC001,OP1001,True,Fastened,False,
2025-07-18 01:08:05,EXC001,OP1001,True,Unfastened,True,
2025-07-18 01:08:07,EXC001,OP1001,False,Unfastened,False,
2025-07-18 01:08:08,EXC001,OP1001,,Unfastened,False,
2025-07-18 01:08:09,EXC001,OP1001,True,Fastened,False,
2025-07-18 01:08:10,EXC001,OP1001,True,Fastened,False,
2025-07-18 01:08:11,EXC001,OP1001,,Unfastened,False,
2025-07-18 01:08:12,EXC001,OP1001,True,Unfastened,True,
2025-07-18 01:08:13,EXC001,OP1001,True,Fastened,False,
2025-07-18 01:08:14,EXC001,OP1001,True,Fastened,False,
2025-07-18 01:08:15,EXC001,OP1001,True,Fastened,False,
2025-07-18 01:08:16,EXC001,OP1001,False,Unfastened,False,
2025-07-18 01:08:17,EXC001,OP1001,False,Unfastened,False,
2025-07-18 01:08:18,EXC001,OP1001,True,Unfastened,True,
2025-07-18 01:08:20,EXC001,OP1001,True,Fastened,False,
2025-07-18 01:08:21,EXC001,OP1001,True,Fastened,False,
2025-07-18 01:08:22,EXC001,OP1001,True,Fastened,False,
2025-07-18 01:08:23,EXC001,OP1001,,Unfastened,False,
2025-07-18 01:08:24,EXC001,OP1001,False,Unfastened,False,
2025-07-18 01:08:25,EXC001,OP1001,,Unfastened,False,
2025-07-18 01:08:26,EXC001,OP1001,True,Fastened,False,
2025-07-18 01:08:27,EXC001,OP1001,True,Fastened,False,
2025-07-18 01:08:28,EXC001,OP1001,True,Unfastened,True,
2025-07-18 01:08:29,EXC001,OP1001,True,Fastened,False,
2025-07-18 01:08:30,EXC001,OP1001,True,Fastened,False,
2025-07-18 01:08:31,EXC001,OP1001,,Fastened,False,
2025-07-18 01:08:32,EXC001,OP1001,False,Unfastened,False,
2025-07-18 01:08:33,EXC001,OP1001,True,Fastened,False,
2025-07-18 01:08:34,EXC001,OP1001,True,Fastened,False,
2025-07-18 01:08:35,EXC001,OP1001,True,Fastened,False,
2025-07-18 01:08:36,EXC001,OP1001,True,Fastened,False,
2025-07-18 01:08:37,EXC001,OP1001,True,Fastened,False,
2025-07-18 01:08:38,EXC001,OP1001,True,Fastened,False,
2025-07-18 01:08:39,EXC001,OP1001,True,Fastened,False,
2025-07-18 01:08:40,EXC001,OP1001,False,Unfastened,False,
2025-07-18 01:08:41,EXC001,OP1001,False,Unfastened,False,
2025-07-18 01:08:42,EXC001,OP1001,True,Fastened,False,
2025-07-18 01:08:43,EXC001,OP1001,True,Fastened,False,
2025-07-18 01:08:44,EXC001,OP1001,True,Fastened,False,
2025-07-18 01:08:45,EXC001,OP1001,False,Fastened,False,
2025-07-18 01:08:46,EXC001,OP1001,True,Fastened,False,
2025-07-18 01:08:47,EXC001,OP1001,True,Fastened,False,
2025-07-18 01:08:48,EXC001,OP1001,True,Fastened,False,
2025-07-18 01:08:49,EXC001,OP1001,True,Fastened,False,
2025-07-18 01:08:50,EXC001,OP1001,False,Fastened,False,
2025-07-18 01:08:51,EXC001,OP1001,True,Fastened,False,
2025-07-18 01:08:52,EXC001,OP1001,False,Unfastened,False,
2025-07-18 01:08:53,EXC001,OP1001,True,Fastened,False,
2025-07-18 01:08:54,EXC001,OP1001,False,Unfastened,False,
2025-07-18 01:08:55,EXC001,OP1001,False,Unfastened,False,
2025-07-18 01:08:56,EXC001,OP1001,True,Fastened,False,
2025-07-18 01:08:57,EXC001,OP1001,False,Unfastened,False,
2025-07-18 01:08:59,EXC001,OP1001,True,Fastened,False,
2025-07-18 01:09:00,EXC001,OP1001,False,Unfastened,False,
2025-07-18 01:09:01,EXC001,OP1001,False,Fastened,False,
2025-07-18 01:09:02,EXC001,OP1001,True,Fastened,False,
2025-07-18 01:09:03,EXC001,OP1001,True,Fastened,False,
2025-07-18 01:09:04,EXC001,OP1001,True,Fastened,False,
2025-07-18 01:09:05,EXC001,OP1001,True,Fastened,False,
2025-07-18 01:09:06,EXC001,OP1001,True,Fastened,False,
2025-07-18 01:09:07,EXC001,OP1001,True,Fastened,False,
2025-07-18 01:09:08,EXC001,OP1001,True,Fastened,False,
2025-07-18 01:09:09,EXC001,OP1001,True,Unfastened,True,
2025-07-18 01:09:10,EXC001,OP1001,True,Fastened,False,
2025-07-18 01:09:11,EXC001,OP1001,True,Fastened,False,
2025-07-18 01:09:12,EXC001,OP1001,True,Fastened,False,
2025-07-18 01:09:13,EXC001,OP1001,False,Unfastened,False,
2025-07-18 01:09:14,EXC001,OP1001,True,Fastened,False,
2025-07-18 01:09:15,EXC001,OP1001,True,Fastened,False,
2025-07-18 01:09:16,EXC001,OP1001,True,Unfastened,True,
2025-07-18 01:09:18,EXC001,OP1001,True,Fastened,False,
2025-07-18 01:09:19,EXC001,OP1001,True,Fastened,False,
2025-07-18 01:09:20,EXC001,OP1001,True,Fastened,False,
2025-07-18 01:09:21,EXC001,OP1001,,Unfastened,False,
2025-07-18 01:09:22,EXC001,OP1001,True,Fastened,False,
2025-07-18 01:09:23,EXC001,OP1001,True,Fastened,False,
2025-07-18 01:09:24,EXC001,OP1001,True,Fastened,False,
2025-07-18 01:09:25,EXC001,OP1001,False,Unfastened,False,
2025-07-18 01:09:26,EXC001,OP1001,True,Fastened,False,
2025-07-18 01:09:27,EXC001,OP1001,True,Fastened,False,
2025-07-18 01:09:28,EXC001,OP1001,False,Unfastened,False,
2025-07-18 01:09:29,EXC001,OP1001,True,Unfastened,True,
2025-07-18 01:09:30,EXC001,OP1001,True,Fastened,False,
2025-07-18 01:09:31,EXC001,OP1001,True,Fastened,False,
2025-07-18 01:09:32,EXC001,OP1001,True,Fastened,False,
2025-07-18 01:09:33,EXC001,OP1001,True,Unfastened,True,
2025-07-18 01:09:35,EXC001,OP1001,True,Fastened,False,
2025-07-18 01:09:36,EXC001,OP1001,True,Fastened,False,
2025-07-18 01:09:37,EXC001,OP1001,,Fastened,False,
2025-07-18 01:09:38,EXC001,OP1001,,Unfastened,False,
2025-07-18 01:09:39,EXC001,OP1001,True,Fastened,False,
2025-07-18 01:09:40,EXC001,OP1001,True,Fastened,False,
2025-07-18 01:09:41,EXC001,OP1001,True,Fastened,False,
2025-07-18 01:09:42,EXC001,OP1001,True,Fastened,False,
2025-07-18 01:09:43,EXC001,OP1001,True,Fastened,False,
2025-07-18 01:09:44,EXC001,OP1001,True,Fastened,False,
2025-07-18 01:09:45,EXC001,OP1001,True,Fastened,False,
2025-07-18 01:09:46,EXC001,OP1001,True,Fastened,False,
2025-07-18 01:09:47,EXC001,OP1001,True,Fastened,False,
2025-07-18 01:09:48,EXC001,OP1001,False,Unfastened,False,
2025-07-18 01:09:49,EXC001,OP1001,True,Fastened,False,
2025-07-18 01:09:50,EXC001,OP1001,True,Fastened,False,
2025-07-18 01:09:51,EXC001,OP1001,True,Unfastened,True,
2025-07-18 01:09:52,EXC001,OP1001,True,Fastened,False,
2025-07-18 01:09:53,EXC001,OP1001,,Unfastened,False,
2025-07-18 01:09:54,EXC001,OP1001,True,Fastened,False,
2025-07-18 01:09:55,EXC001,OP1001,,Unfastened,False,
2025-07-18 01:09:56,EXC001,OP1001,False,Unfastened,False,
2025-07-18 01:09:57,EXC001,OP1001,False,Unfastened,False,
2025-07-18 01:09:58,EXC001,OP1001,True,Fastened,False,
2025-07-18 01:09:59,EXC001,OP1001,True,Fastened,False,
2025-07-18 01:10:00,EXC001,OP1001,True,Fastened,False,
2025-07-18 01:10:01,EXC001,OP1001,True,Fastened,False,
2025-07-18 01:10:02,EXC001,OP1001,True,Fastened,False,
2025-07-18 01:10:03,EXC001,OP1001,,Fastened,False,
2025-07-18 01:10:04,EXC001,OP1001,True,Unfastened,True,
2025-07-18 01:10:06,EXC001,OP1001,True,Fastened,False,
2025-07-18 01:10:07,EXC001,OP1001,True,Fastened,False,
2025-07-18 01:10:08,EXC001,OP1001,True,Fastened,False,
2025-07-18 01:10:09,EXC001,OP1001,True,Fastened,False,
2025-07-18 01:10:10,EXC001,OP1001,False,Unfastened,False,
2025-07-18 01:10:11,EXC001,OP1001,True,Fastened,False,
2025-07-18 01:10:12,EXC001,OP1001,True,Fastened,False,
2025-07-18 01:10:13,EXC001,OP1001,True,Fastened,False,
2025-07-18 01:10:14,EXC001,OP1001,True,Fastened,False,
2025-07-18 01:10:15,EXC001,OP1001,True,Fastened,False,
2025-07-18 01:10:16,EXC001,OP1001,True,Fastened,False,
2025-07-18 01:10:17,EXC001,OP1001,True,Fastened,False,
2025-07-18 01:10:18,EXC001,OP1001,True,Fastened,False,
2025-07-18 01:10:19,EXC001,OP1001,True,Fastened,False,
2025-07-18 01:10:20,EXC001,OP1001,,Unfastened,False,
2025-07-18 01:10:21,EXC001,OP1001,False,Unfastened,False,
2025-07-18 01:10:22,EXC001,OP1001,True,Fastened,False,
2025-07-18 01:10:23,EXC001,OP1001,True,Fastened,False,
2025-07-18 01:10:24,EXC001,OP1001,False,Unfastened,False,
2025-07-18 01:10:25,EXC001,OP1001,True,Unfastened,True,
2025-07-18 01:10:27,EXC001,OP1001,True,Fastened,False,
2025-07-18 01:10:28,EXC001,OP1001,False,Unfastened,False,
2025-07-18 01:10:29,EXC001,OP1001,True,Fastened,False,
2025-07-18 01:10:30,EXC001,OP1001,True,Fastened,False,
2025-07-18 01:10:31,EXC001,OP1001,True,Fastened,False,
2025-07-18 01:10:32,EXC001,OP1001,False,Unfastened,False,
2025-07-18 01:10:33,EXC001,OP1001,False,Unfastened,False,
2025-07-18 01:10:34,EXC001,OP1001,False,Unfastened,False,
2025-07-18 01:10:35,EXC001,OP1001,True,Fastened,False,
2025-07-18 01:10:36,EXC001,OP1001,True,Fastened,False,
2025-07-18 01:10:37,EXC001,OP1001,True,Unfastened,True,
2025-07-18 01:10:38,EXC001,OP1001,,Unfastened,False,
2025-07-18 01:10:39,EXC001,OP1001,,Unfastened,False,
2025-07-18 01:10:40,EXC001,OP1001,,Unfastened,False,
2025-07-18 01:10:41,EXC001,OP1001,,Unfastened,False,
2025-07-18 01:10:42,EXC001,OP1001,,Unfastened,False,
2025-07-18 01:10:43,EXC001,OP1001,True,Fastened,False,
2025-07-18 01:10:44,EXC001,OP1001,True,Fastened,False,
2025-07-18 01:10:45,EXC001,OP1001,False,Unfastened,False,
2025-07-18 01:10:46,EXC001,OP1001,True,Fastened,False,
2025-07-18 01:10:47,EXC001,OP1001,True,Fastened,False,
2025-07-18 01:10:48,EXC001,OP1001,True,Fastened,False,
2025-07-18 01:10:49,EXC001,OP1001,True,Fastened,False,
2025-07-18 01:10:50,EXC001,OP1001,True,Fastened,False,
2025-07-18 01:10:51,EXC001,OP1001,True,Fastened,False,
2025-07-18 01:10:52,EXC001,OP1001,True,Fastened,False,
2025-07-18 01:10:53,EXC001,OP1001,True,Fastened,False,
2025-07-18 01:10:54,EXC001,OP1001,True,Fastened,False,
2025-07-18 01:10:55,EXC001,OP1001,True,Fastened,False,
2025-07-18 01:10:56,EXC001,OP1001,,Unfastened,False,
2025-07-18 01:10:57,EXC001,OP1001,False,Unfastened,False,
2025-07-18 01:10:58,EXC001,OP1001,True,Fastened,False,
2025-07-18 01:10:59,EXC001,OP1001,,Unfastened,False,
2025-07-18 01:11:00,EXC001,OP1001,False,Unfastened,False,
2025-07-18 01:11:01,EXC001,OP1001,True,Fastened,False,
2025-07-18 01:11:02,EXC001,OP1001,True,Fastened,False,
2025-07-18 01:11:03,EXC001,OP1001,False,Unfastened,False,
2025-07-18 01:11:04,EXC001,OP1001,True,Fastened,False,
2025-07-18 01:11:05,EXC001,OP1001,False,Unfastened,False,
2025-07-18 01:11:06,EXC001,OP1001,True,Fastened,False,
2025-07-18 01:11:07,EXC001,OP1001,True,Fastened,False,
2025-07-18 01:11:08,EXC001,OP1001,False,Unfastened,False,
2025-07-18 01:11:09,EXC001,OP1001,True,Fastened,False,
2025-07-18 01:11:10,EXC001,OP1001,True,Fastened,False,
2025-07-18 01:11:11,EXC001,OP1001,True,Fastened,False,
2025-07-18 01:11:12,EXC001,OP1001,,Unfastened,False,
2025-07-18 01:11:13,EXC001,OP1001,False,Unfastened,False,
2025-07-18 01:11:14,EXC001,OP1001,True,Fastened,False,
2025-07-18 01:11:15,EXC001,OP1001,True,Fastened,False,
2025-07-18 01:11:16,EXC001,OP1001,False,Fastened,False,
2025-07-18 01:11:18,EXC001,OP1001,False,Unfastened,False,
2025-07-18 01:11:19,EXC001,OP1001,True,Fastened,False,
2025-07-18 01:11:20,EXC001,OP1001,True,Fastened,False,
2025-07-18 01:11:21,EXC001,OP1001,True,Unfastened,True,
2025-07-18 01:11:22,EXC001,OP1001,True,Fastened,False,
2025-07-18 01:11:23,EXC001,OP1001,True,Fastened,False,
2025-07-18 01:11:24,EXC001,OP1001,False,Unfastened,False,
2025-07-18 01:11:25,EXC001,OP1001,True,Fastened,False,
2025-07-18 01:11:26,EXC001,OP1001,True,Fastened,False,
2025-07-18 01:11:27,EXC001,OP1001,,Unfastened,False,
2025-07-18 01:11:28,EXC001,OP1001,True,Fastened,False,
2025-07-18 01:11:29,EXC001,OP1001,True,Fastened,False,
2025-07-18 01:11:30,EXC001,OP1001,True,Fastened,False,
2025-07-18 01:11:31,EXC001,OP1001,True,Fastened,False,
2025-07-18 01:11:32,EXC001,OP1001,True,Fastened,False,
2025-07-18 01:11:33,EXC001,OP1001,True,Fastened,False,
2025-07-18 01:11:34,EXC001,OP1001,True,Fastened,False,
2025-07-18 01:11:35,EXC001,OP1001,,Unfastened,False,
2025-07-18 01:11:36,EXC001,OP1001,False,Unfastened,False,
2025-07-18 01:11:37,EXC001,OP1001,False,Unfastened,False,
2025-07-18 01:11:38,EXC001,OP1001,True,Fastened,False,
2025-07-18 01:11:39,EXC001,OP1001,True,Fastened,False,
2025-07-18 01:11:40,EXC001,OP1001,,Unfastened,False,
2025-07-18 01:11:41,EXC001,OP1001,True,Fastened,False,
2025-07-18 01:11:42,EXC001,OP1001,,Unfastened,False,
2025-07-18 01:11:43,EXC001,OP1001,True,Fastened,False,
2025-07-18 01:11:44,EXC001,OP1001,True,Fastened,False,
2025-07-18 01:11:45,EXC001,OP1001,True,Fastened,False,
2025-07-18 01:11:46,EXC001,OP1001,True,Fastened,False,
2025-07-18 01:11:47,EXC001,OP1001,True,Fastened,False,
2025-07-18 01:11:48,EXC001,OP1001,False,Unfastened,False,
2025-07-18 01:11:49,EXC001,OP1001,True,Fastened,False,
2025-07-18 01:11:50,EXC001,OP1001,True,Fastened,False,
2025-07-18 01:11:51,EXC001,OP1001,True,Fastened,False,
2025-07-18 01:11:52,EXC001,OP1001,True,Fastened,False,
2025-07-18 01:11:53,EXC001,OP1001,,Unfastened,False,
2025-07-18 01:11:54,EXC001,OP1001,True,Fastened,False,
2025-07-18 01:11:55,EXC001,OP1001,True,Fastened,False,
2025-07-18 01:11:56,EXC001,OP1001,True,Fastened,False,
2025-07-18 01:11:57,EXC001,OP1001,True,Fastened,False,
2025-07-18 01:11:58,EXC001,OP1001,True,Fastened,False,
2025-07-18 01:11:59,EXC001,OP1001,True,Fastened,False,
2025-07-18 01:12:00,EXC001,OP1001,True,Fastened,False,
2025-07-18 01:12:01,EXC001,OP1001,False,Fastened,False,
2025-07-18 01:12:02,EXC001,OP1001,True,Fastened,False,
2025-07-18 01:12:03,EXC001,OP1001,True,Fastened,False,
2025-07-18 01:12:04,EXC001,OP1001,True,Fastened,False,
2025-07-18 01:12:05,EXC001,OP1001,False,Unfastened,False,
2025-07-18 01:12:06,EXC001,OP1001,True,Fastened,False,
2025-07-18 01:12:07,EXC001,OP1001,,Unfastened,False,
2025-07-18 01:12:08,EXC001,OP1001,True,Fastened,False,
2025-07-18 01:12:09,EXC001,OP1001,True,Fastened,False,
2025-07-18 01:12:10,EXC001,OP1001,True,Unfastened,True,
2025-07-18 01:12:12,EXC001,OP1001,True,Fastened,False,
2025-07-18 01:12:13,EXC001,OP1001,True,Fastened,False,
2025-07-18 01:12:14,EXC001,OP1001,True,Fastened,False,
2025-07-18 01:12:15,EXC001,OP1001,False,Unfastened,False,
2025-07-18 01:12:16,EXC001,OP1001,True,Fastened,False,
2025-07-18 01:12:17,EXC001,OP1001,True,Fastened,False,
2025-07-18 01:12:18,EXC001,OP1001,True,Fastened,False,
2025-07-18 01:12:19,EXC001,OP1001,,Unfastened,False,
2025-07-18 01:12:20,EXC001,OP1001,True,Unfastened,True,
2025-07-18 01:12:22,EXC001,OP1001,True,Fastened,False,
2025-07-18 01:12:23,EXC001,OP1001,True,Fastened,False,
2025-07-18 01:12:24,EXC001,OP1001,True,Fastened,False,
2025-07-18 01:12:25,EXC001,OP1001,True,Fastened,False,
2025-07-18 01:12:26,EXC001,OP1001,True,Fastened,False,
2025-07-18 01:12:27,EXC001,OP1001,True,Fastened,False,
2025-07-18 01:12:28,EXC001,OP1001,,Unfastened,False,
2025-07-18 01:12:29,EXC001,OP1001,True,Fastened,False,
2025-07-18 01:12:30,EXC001,OP1001,True,Unfastened,True,
2025-07-18 01:12:31,EXC001,OP1001,True,Fastened,False,
2025-07-18 01:12:32,EXC001,OP1001,True,Fastened,False,
2025-07-18 01:12:33,EXC001,OP1001,,Unfastened,False,
2025-07-18 01:12:34,EXC001,OP1001,False,Unfastened,False,
2025-07-18 01:12:35,EXC001,OP1001,False,Unfastened,False,
2025-07-18 01:12:36,EXC001,OP1001,False,Unfastened,False,
2025-07-18 01:12:37,EXC001,OP1001,True,Fastened,False,
2025-07-18 01:12:38,EXC001,OP1001,True,Fastened,False,
2025-07-18 01:12:39,EXC001,OP1001,True,Fastened,False,
2025-07-18 01:12:40,EXC001,OP1001,False,Unfastened,False,
2025-07-18 01:12:41,EXC001,OP1001,False,Unfastened,False,
2025-07-18 01:12:42,EXC001,OP1001,,Unfastened,False,
2025-07-18 01:12:43,EXC001,OP1001,True,Unfastened,True,
2025-07-18 01:12:45,EXC001,OP1001,,Unfastened,False,
2025-07-18 01:12:46,EXC001,OP1001,,Unfastened,False,
2025-07-18 01:12:47,EXC001,OP1001,True,Unfastened,True,
2025-07-18 01:12:48,EXC001,OP1001,True,Fastened,False,
2025-07-18 01:12:49,EXC001,OP1001,True,Fastened,False,
2025-07-18 01:12:50,EXC001,OP1001,True,Fastened,False,
2025-07-18 01:12:51,EXC001,OP1001,True,Fastened,False,
2025-07-18 01:12:52,EXC001,OP1001,True,Fastened,False,
2025-07-18 01:12:53,EXC001,OP1001,True,Fastened,False,
2025-07-18 01:12:54,EXC001,OP1001,False,Unfastened,False,
2025-07-18 01:12:55,EXC001,OP1001,True,Fastened,False,
2025-07-18 01:12:56,EXC001,OP1001,True,Fastened,False,
2025-07-18 01:12:57,EXC001,OP1001,True,Fastened,False,
2025-07-18 01:12:58,EXC001,OP1001,False,Unfastened,False,
2025-07-18 01:12:59,EXC001,OP1001,True,Fastened,False,
2025-07-18 01:13:00,EXC001,OP1001,True,Fastened,False,
2025-07-18 01:13:01,EXC001,OP1001,False,Unfastened,False,
2025-07-18 01:13:02,EXC001,OP1001,False,Unfastened,False,
2025-07-18 01:13:03,EXC001,OP1001,True,Fastened,False,
2025-07-18 01:13:04,EXC001,OP1001,True,Fastened,False,
2025-07-18 01:13:05,EXC001,OP1001,False,Unfastened,False,
2025-07-18 01:13:06,EXC001,OP1001,True,Fastened,False,
2025-07-18 01:13:07,EXC001,OP1001,True,Fastened,False,
2025-07-18 01:13:08,EXC001,OP1001,False,Unfastened,False,
2025-07-18 01:13:09,EXC001,OP1001,True,Fastened,False,
2025-07-18 01:13:10,EXC001,OP1001,,Unfastened,False,
2025-07-18 01:13:11,EXC001,OP1001,,Unfastened,False,
2025-07-18 01:13:12,EXC001,OP1001,True,Fastened,False,
2025-07-18 01:13:13,EXC001,OP1001,True,Fastened,False,
2025-07-18 01:13:14,EXC001,OP1001,True,Fastened,False,
2025-07-18 01:13:15,EXC001,OP1001,True,Fastened,False,
2025-07-18 01:13:16,EXC001,OP1001,True,Fastened,False,
2025-07-18 01:13:17,EXC001,OP1001,False,Unfastened,False,
2025-07-18 01:13:18,EXC001,OP1001,False,Unfastened,False,
2025-07-18 01:13:19,EXC001,OP1001,False,Unfastened,False,
2025-07-18 01:13:21,EXC001,OP1001,True,Fastened,False,
2025-07-18 01:13:22,EXC001,OP1001,True,Fastened,False,
2025-07-18 01:13:23,EXC001,OP1001,True,Fastened,False,
2025-07-18 01:13:24,EXC001,OP1001,False,Unfastened,False,
2025-07-18 01:13:25,EXC001,OP1001,True,Fastened,False,
2025-07-18 01:13:26,EXC001,OP1001,False,Unfastened,False,
2025-07-18 01:13:27,EXC001,OP1001,True,Fastened,False,
2025-07-18 01:13:28,EXC001,OP1001,True,Unfastened,True,
2025-07-18 01:13:29,EXC001,OP1001,True,Fastened,False,
2025-07-18 01:13:30,EXC001,OP1001,,Unfastened,False,
2025-07-18 01:13:31,EXC001,OP1001,True,Fastened,False,
2025-07-18 01:13:32,EXC001,OP1001,,Unfastened,False,
2025-07-18 01:13:33,EXC001,OP1001,True,Fastened,False,
2025-07-18 01:13:34,EXC001,OP1001,True,Fastened,False,
2025-07-18 01:13:35,EXC001,OP1001,False,Unfastened,False,
2025-07-18 01:13:36,EXC001,OP1001,True,Fastened,False,
2025-07-18 01:13:37,EXC001,OP1001,True,Fastened,False,
2025-07-18 01:13:38,EXC001,OP1001,,Unfastened,False,
2025-07-18 01:13:39,EXC001,OP1001,True,Unfastened,True,
2025-07-18 01:13:41,EXC001,OP1001,True,Fastened,False,
2025-07-18 01:13:42,EXC001,OP1001,False,Unfastened,False,
2025-07-18 01:13:43,EXC001,OP1001,True,Fastened,False,
2025-07-18 01:13:44,EXC001,OP1001,True,Fastened,False,
2025-07-18 01:13:45,EXC001,OP1001,True,Unfastened,True,
2025-07-18 01:13:46,EXC001,OP1001,True,Fastened,False,
2025-07-18 01:13:47,EXC001,OP1001,True,Fastened,False,
2025-07-18 01:13:48,EXC001,OP1001,True,Fastened,False,
2025-07-18 01:13:49,EXC001,OP1001,True,Unfastened,True,
2025-07-18 01:13:51,EXC001,OP1001,True,Fastened,False,
2025-07-18 01:13:52,EXC001,OP1001,True,Fastened,False,
2025-07-18 01:13:53,EXC001,OP1001,True,Fastened,False,
2025-07-18 01:13:54,EXC001,OP1001,,Unfastened,False,
2025-07-18 01:13:55,EXC001,OP1001,False,Unfastened,False,
2025-07-18 01:13:56,EXC001,OP1001,True,Fastened,False,
2025-07-18 01:13:57,EXC001,OP1001,False,Unfastened,False,
2025-07-18 01:13:58,EXC001,OP1001,,Unfastened,False,
2025-07-18 01:13:59,EXC001,OP1001,True,Fastened,False,
2025-07-18 01:14:00,EXC001,OP1001,True,Fastened,False,
2025-07-18 01:14:01,EXC001,OP1001,True,Unfastened,True,
2025-07-18 01:14:02,EXC001,OP1001,True,Fastened,False,
2025-07-18 01:14:03,EXC001,OP1001,,Unfastened,False,
2025-07-18 01:14:04,EXC001,OP1001,True,Fastened,False,
2025-07-18 01:14:05,EXC001,OP1001,,Unfastened,False,
2025-07-18 01:14:06,EXC001,OP1001,True,Fastened,False,
2025-07-18 01:14:07,EXC001,OP1001,True,Fastened,False,
2025-07-18 01:14:08,EXC001,OP1001,False,Unfastened,False,
2025-07-18 01:14:09,EXC001,OP1001,True,Fastened,False,
2025-07-18 01:14:10,EXC001,OP1001,True,Unfastened,True,
2025-07-18 01:14:12,EXC001,OP1001,,Unfastened,False,
2025-07-18 01:14:13,EXC001,OP1001,,Fastened,False,
2025-07-18 01:14:14,EXC001,OP1001,,Unfastened,False,
2025-07-18 01:14:15,EXC001,OP1001,False,Unfastened,False,
